id,name,alpha2,alpha3
4,Afghanistan,af,afg
8,Albania,al,alb
12,Algerie,dz,dza
20,Andorra,ad,and
24,Angola,ao,ago
28,"Antigua og Barbuda",ag,atg
32,Argentina,ar,arg
51,Armenia,am,arm
31,Aserbajdsjan,az,aze
36,Australia,au,aus
44,Bahamas,bs,bhs
48,Bahrain,bh,bhr
50,Bangladesh,bd,bgd
52,Barbados,bb,brb
56,Belgia,be,bel
84,Belize,bz,blz
204,Benin,bj,ben
64,Bhutan,bt,btn
68,Bolivia,bo,bol
70,Bosnia-Hercegovina,ba,bih
72,Botswana,bw,bwa
76,Brasil,br,bra
96,Brunei,bn,brn
100,Bulgaria,bg,bgr
854,"Burkina Faso",bf,bfa
108,Burundi,bi,bdi
124,Canada,ca,can
152,Chile,cl,chl
170,Colombia,co,col
188,"Costa Rica",cr,cri
192,Cuba,cu,cub
208,Danmark,dk,dnk
784,"De forente arabiske emirater",ae,are
214,"Den dominikanske republikk",do,dom
140,"Den sentralafrikanske republikk",cf,caf
262,Djibouti,dj,dji
212,Dominica,dm,dma
218,Ecuador,ec,ecu
818,Egypt,eg,egy
226,Ekvatorial-Guinea,gq,gnq
384,Elfenbenskysten,ci,civ
222,"El Salvador",sv,slv
232,Eritrea,er,eri
233,Estland,ee,est
231,Etiopia,et,eth
242,Fiji,fj,fji
608,Filippinene,ph,phl
246,Finland,fi,fin
250,Frankrike,fr,fra
266,Gabon,ga,gab
270,Gambia,gm,gmb
268,Georgia,ge,geo
288,Ghana,gh,gha
308,Grenada,gd,grd
320,Guatemala,gt,gtm
324,Guinea,gn,gin
624,Guinea-Bissau,gw,gnb
328,Guyana,gy,guy
332,Haiti,ht,hti
300,Hellas,gr,grc
340,Honduras,hn,hnd
112,Hviterussland,by,blr
356,India,in,ind
360,Indonesia,id,idn
368,Irak,iq,irq
364,Iran,ir,irn
372,Irland,ie,irl
352,Island,is,isl
376,Israel,il,isr
380,Italia,it,ita
388,Jamaica,jm,jam
392,Japan,jp,jpn
887,Jemen,ye,yem
400,Jordan,jo,jor
116,Kambodsja,kh,khm
120,Kamerun,cm,cmr
132,"Kapp Verde",cv,cpv
398,Kasakhstan,kz,kaz
404,Kenya,ke,ken
156,Kina,cn,chn
417,Kirgisistan,kg,kgz
296,Kiribati,ki,kir
174,Komorene,km,com
180,"Kongo, Den demokratiske republikken",cd,cod
178,"Kongo, Republikken",cg,cog
191,Kroatia,hr,hrv
414,Kuwait,kw,kwt
196,Kypros,cy,cyp
418,Laos,la,lao
428,Latvia,lv,lva
426,Lesotho,ls,lso
422,Libanon,lb,lbn
430,Liberia,lr,lbr
434,Libya,ly,lby
438,Liechtenstein,li,lie
440,Litauen,lt,ltu
442,Luxembourg,lu,lux
450,Madagaskar,mg,mdg
807,"Makedonia, Republikken",mk,mkd
454,Malawi,mw,mwi
458,Malaysia,my,mys
462,Maldivene,mv,mdv
466,Mali,ml,mli
470,Malta,mt,mlt
504,Marokko,ma,mar
584,Marshalløyene,mh,mhl
478,Mauritania,mr,mrt
480,Mauritius,mu,mus
484,Mexico,mx,mex
583,Mikronesiaføderasjonen,fm,fsm
498,Moldova,md,mda
492,Monaco,mc,mco
496,Mongolia,mn,mng
499,Montenegro,me,mne
508,Mosambik,mz,moz
104,Myanmar,mm,mmr
516,Namibia,na,nam
520,Nauru,nr,nru
524,Nepal,np,npl
528,Nederland,nl,nld
554,"New Zealand",nz,nzl
558,Nicaragua,ni,nic
562,Niger,ne,ner
566,Nigeria,ng,nga
408,Nord-Korea,kp,prk
578,Norge,no,nor
512,Oman,om,omn
586,Pakistan,pk,pak
585,Palau,pw,plw
591,Panama,pa,pan
598,"Papua Ny-Guinea",pg,png
600,Paraguay,py,pry
604,Peru,pe,per
616,Polen,pl,pol
620,Portugal,pt,prt
634,Qatar,qa,qat
642,Romania,ro,rou
643,Russland,ru,rus
646,Rwanda,rw,rwa
659,"Saint Kitts og Nevis",kn,kna
662,"Saint Lucia",lc,lca
670,"Saint Vincent og Grenadinene",vc,vct
90,Salomonøyene,sb,slb
882,Samoa,ws,wsm
674,"San Marino",sm,smr
678,"São Tomé og Príncipe",st,stp
682,Saudi-Arabia,sa,sau
686,Senegal,sn,sen
688,Serbia,rs,srb
690,Seychellene,sc,syc
694,"Sierra Leone",sl,sle
702,Singapore,sg,sgp
703,Slovakia,sk,svk
705,Slovenia,si,svn
706,Somalia,so,som
724,Spania,es,esp
144,"Sri Lanka",lk,lka
826,Storbritannia,gb,gbr
729,Sudan,sd,sdn
740,Surinam,sr,sur
756,Sveits,ch,che
752,Sverige,se,swe
748,Eswatini,sz,swz
760,Syria,sy,syr
710,Sør-Afrika,za,zaf
410,Sør-Korea,kr,kor
728,Sør-Sudan,ss,ssd
762,Tadsjikistan,tj,tjk
834,Tanzania,tz,tza
764,Thailand,th,tha
768,Togo,tg,tgo
776,Tonga,to,ton
780,"Trinidad og Tobago",tt,tto
148,Tsjad,td,tcd
203,Tsjekkia,cz,cze
788,Tunisia,tn,tun
795,Turkmenistan,tm,tkm
798,Tuvalu,tv,tuv
792,Tyrkia,tr,tur
276,Tyskland,de,deu
800,Uganda,ug,uga
804,Ukraina,ua,ukr
348,Ungarn,hu,hun
858,Uruguay,uy,ury
840,USA,us,usa
860,Usbekistan,uz,uzb
548,Vanuatu,vu,vut
862,Venezuela,ve,ven
704,Vietnam,vn,vnm
894,Zambia,zm,zmb
716,Zimbabwe,zw,zwe
40,Østerrike,at,aut
626,Øst-Timor,tl,tls
