[{"id":352,"name":"アイスランド","alpha2":"is","alpha3":"isl"},
{"id":372,"name":"アイルランド","alpha2":"ie","alpha3":"irl"},
{"id":31,"name":"アゼルバイジャン","alpha2":"az","alpha3":"aze"},
{"id":4,"name":"アフガニスタン","alpha2":"af","alpha3":"afg"},
{"id":840,"name":"アメリカ合衆国","alpha2":"us","alpha3":"usa"},
{"id":784,"name":"アラブ首長国連邦","alpha2":"ae","alpha3":"are"},
{"id":12,"name":"アルジェリア","alpha2":"dz","alpha3":"dza"},
{"id":32,"name":"アルゼンチン","alpha2":"ar","alpha3":"arg"},
{"id":8,"name":"アルバニア","alpha2":"al","alpha3":"alb"},
{"id":51,"name":"アルメニア","alpha2":"am","alpha3":"arm"},
{"id":24,"name":"アンゴラ","alpha2":"ao","alpha3":"ago"},
{"id":28,"name":"アンティグア・バーブーダ","alpha2":"ag","alpha3":"atg"},
{"id":20,"name":"アンドラ","alpha2":"ad","alpha3":"and"},
{"id":887,"name":"イエメン","alpha2":"ye","alpha3":"yem"},
{"id":826,"name":"イギリス","alpha2":"gb","alpha3":"gbr"},
{"id":376,"name":"イスラエル","alpha2":"il","alpha3":"isr"},
{"id":380,"name":"イタリア","alpha2":"it","alpha3":"ita"},
{"id":368,"name":"イラク","alpha2":"iq","alpha3":"irq"},
{"id":364,"name":"イラン・イスラム共和国","alpha2":"ir","alpha3":"irn"},
{"id":356,"name":"インド","alpha2":"in","alpha3":"ind"},
{"id":360,"name":"インドネシア","alpha2":"id","alpha3":"idn"},
{"id":800,"name":"ウガンダ","alpha2":"ug","alpha3":"uga"},
{"id":804,"name":"ウクライナ","alpha2":"ua","alpha3":"ukr"},
{"id":860,"name":"ウズベキスタン","alpha2":"uz","alpha3":"uzb"},
{"id":858,"name":"ウルグアイ","alpha2":"uy","alpha3":"ury"},
{"id":218,"name":"エクアドル","alpha2":"ec","alpha3":"ecu"},
{"id":818,"name":"エジプト","alpha2":"eg","alpha3":"egy"},
{"id":233,"name":"エストニア","alpha2":"ee","alpha3":"est"},
{"id":748,"name":"エスワティニ","alpha2":"sz","alpha3":"swz"},
{"id":231,"name":"エチオピア","alpha2":"et","alpha3":"eth"},
{"id":232,"name":"エリトリア","alpha2":"er","alpha3":"eri"},
{"id":222,"name":"エルサルバドル","alpha2":"sv","alpha3":"slv"},
{"id":36,"name":"オーストラリア","alpha2":"au","alpha3":"aus"},
{"id":40,"name":"オーストリア","alpha2":"at","alpha3":"aut"},
{"id":512,"name":"オマーン","alpha2":"om","alpha3":"omn"},
{"id":528,"name":"オランダ","alpha2":"nl","alpha3":"nld"},
{"id":288,"name":"ガーナ","alpha2":"gh","alpha3":"gha"},
{"id":132,"name":"カーボベルデ","alpha2":"cv","alpha3":"cpv"},
{"id":328,"name":"ガイアナ","alpha2":"gy","alpha3":"guy"},
{"id":398,"name":"カザフスタン","alpha2":"kz","alpha3":"kaz"},
{"id":634,"name":"カタール","alpha2":"qa","alpha3":"qat"},
{"id":124,"name":"カナダ","alpha2":"ca","alpha3":"can"},
{"id":266,"name":"ガボン","alpha2":"ga","alpha3":"gab"},
{"id":120,"name":"カメルーン","alpha2":"cm","alpha3":"cmr"},
{"id":270,"name":"ガンビア","alpha2":"gm","alpha3":"gmb"},
{"id":116,"name":"カンボジア","alpha2":"kh","alpha3":"khm"},
{"id":807,"name":"北マケドニア","alpha2":"mk","alpha3":"mkd"},
{"id":324,"name":"ギニア","alpha2":"gn","alpha3":"gin"},
{"id":624,"name":"ギニアビサウ","alpha2":"gw","alpha3":"gnb"},
{"id":196,"name":"キプロス","alpha2":"cy","alpha3":"cyp"},
{"id":192,"name":"キューバ","alpha2":"cu","alpha3":"cub"},
{"id":300,"name":"ギリシャ","alpha2":"gr","alpha3":"grc"},
{"id":296,"name":"キリバス","alpha2":"ki","alpha3":"kir"},
{"id":417,"name":"キルギス","alpha2":"kg","alpha3":"kgz"},
{"id":320,"name":"グアテマラ","alpha2":"gt","alpha3":"gtm"},
{"id":414,"name":"クウェート","alpha2":"kw","alpha3":"kwt"},
{"id":308,"name":"グレナダ","alpha2":"gd","alpha3":"grd"},
{"id":191,"name":"クロアチア","alpha2":"hr","alpha3":"hrv"},
{"id":404,"name":"ケニア","alpha2":"ke","alpha3":"ken"},
{"id":384,"name":"コートジボワール","alpha2":"ci","alpha3":"civ"},
{"id":188,"name":"コスタリカ","alpha2":"cr","alpha3":"cri"},
{"id":174,"name":"コモロ","alpha2":"km","alpha3":"com"},
{"id":170,"name":"コロンビア","alpha2":"co","alpha3":"col"},
{"id":178,"name":"コンゴ共和国","alpha2":"cg","alpha3":"cog"},
{"id":180,"name":"コンゴ民主共和国","alpha2":"cd","alpha3":"cod"},
{"id":682,"name":"サウジアラビア","alpha2":"sa","alpha3":"sau"},
{"id":882,"name":"サモア","alpha2":"ws","alpha3":"wsm"},
{"id":678,"name":"サントメ・プリンシペ","alpha2":"st","alpha3":"stp"},
{"id":894,"name":"ザンビア","alpha2":"zm","alpha3":"zmb"},
{"id":674,"name":"サンマリノ","alpha2":"sm","alpha3":"smr"},
{"id":694,"name":"シエラレオネ","alpha2":"sl","alpha3":"sle"},
{"id":262,"name":"ジブチ","alpha2":"dj","alpha3":"dji"},
{"id":388,"name":"ジャマイカ","alpha2":"jm","alpha3":"jam"},
{"id":268,"name":"ジョージア","alpha2":"ge","alpha3":"geo"},
{"id":760,"name":"シリア・アラブ共和国","alpha2":"sy","alpha3":"syr"},
{"id":702,"name":"シンガポール","alpha2":"sg","alpha3":"sgp"},
{"id":716,"name":"ジンバブエ","alpha2":"zw","alpha3":"zwe"},
{"id":756,"name":"スイス","alpha2":"ch","alpha3":"che"},
{"id":752,"name":"スウェーデン","alpha2":"se","alpha3":"swe"},
{"id":729,"name":"スーダン","alpha2":"sd","alpha3":"sdn"},
{"id":724,"name":"スペイン","alpha2":"es","alpha3":"esp"},
{"id":740,"name":"スリナム","alpha2":"sr","alpha3":"sur"},
{"id":144,"name":"スリランカ","alpha2":"lk","alpha3":"lka"},
{"id":703,"name":"スロバキア","alpha2":"sk","alpha3":"svk"},
{"id":705,"name":"スロベニア","alpha2":"si","alpha3":"svn"},
{"id":690,"name":"セーシェル","alpha2":"sc","alpha3":"syc"},
{"id":226,"name":"赤道ギニア","alpha2":"gq","alpha3":"gnq"},
{"id":686,"name":"セネガル","alpha2":"sn","alpha3":"sen"},
{"id":688,"name":"セルビア","alpha2":"rs","alpha3":"srb"},
{"id":659,"name":"セントクリストファー・ネイビス","alpha2":"kn","alpha3":"kna"},
{"id":670,"name":"セントビンセントおよびグレナディーン諸島","alpha2":"vc","alpha3":"vct"},
{"id":662,"name":"セントルシア","alpha2":"lc","alpha3":"lca"},
{"id":706,"name":"ソマリア","alpha2":"so","alpha3":"som"},
{"id":90,"name":"ソロモン諸島","alpha2":"sb","alpha3":"slb"},
{"id":764,"name":"タイ","alpha2":"th","alpha3":"tha"},
{"id":410,"name":"大韓民国","alpha2":"kr","alpha3":"kor"},
{"id":762,"name":"タジキスタン","alpha2":"tj","alpha3":"tjk"},
{"id":834,"name":"タンザニア","alpha2":"tz","alpha3":"tza"},
{"id":203,"name":"チェコ","alpha2":"cz","alpha3":"cze"},
{"id":148,"name":"チャド","alpha2":"td","alpha3":"tcd"},
{"id":140,"name":"中央アフリカ共和国","alpha2":"cf","alpha3":"caf"},
{"id":156,"name":"中華人民共和国","alpha2":"cn","alpha3":"chn"},
{"id":788,"name":"チュニジア","alpha2":"tn","alpha3":"tun"},
{"id":408,"name":"朝鮮民主主義人民共和国","alpha2":"kp","alpha3":"prk"},
{"id":152,"name":"チリ","alpha2":"cl","alpha3":"chl"},
{"id":798,"name":"ツバル","alpha2":"tv","alpha3":"tuv"},
{"id":208,"name":"デンマーク","alpha2":"dk","alpha3":"dnk"},
{"id":276,"name":"ドイツ","alpha2":"de","alpha3":"deu"},
{"id":768,"name":"トーゴ","alpha2":"tg","alpha3":"tgo"},
{"id":214,"name":"ドミニカ共和国","alpha2":"do","alpha3":"dom"},
{"id":212,"name":"ドミニカ国","alpha2":"dm","alpha3":"dma"},
{"id":780,"name":"トリニダード・トバゴ","alpha2":"tt","alpha3":"tto"},
{"id":795,"name":"トルクメニスタン","alpha2":"tm","alpha3":"tkm"},
{"id":792,"name":"トルコ","alpha2":"tr","alpha3":"tur"},
{"id":776,"name":"トンガ","alpha2":"to","alpha3":"ton"},
{"id":566,"name":"ナイジェリア","alpha2":"ng","alpha3":"nga"},
{"id":520,"name":"ナウル","alpha2":"nr","alpha3":"nru"},
{"id":516,"name":"ナミビア","alpha2":"na","alpha3":"nam"},
{"id":558,"name":"ニカラグア","alpha2":"ni","alpha3":"nic"},
{"id":562,"name":"ニジェール","alpha2":"ne","alpha3":"ner"},
{"id":392,"name":"日本","alpha2":"jp","alpha3":"jpn"},
{"id":554,"name":"ニュージーランド","alpha2":"nz","alpha3":"nzl"},
{"id":524,"name":"ネパール","alpha2":"np","alpha3":"npl"},
{"id":578,"name":"ノルウェー","alpha2":"no","alpha3":"nor"},
{"id":48,"name":"バーレーン","alpha2":"bh","alpha3":"bhr"},
{"id":332,"name":"ハイチ","alpha2":"ht","alpha3":"hti"},
{"id":586,"name":"パキスタン","alpha2":"pk","alpha3":"pak"},
{"id":591,"name":"パナマ","alpha2":"pa","alpha3":"pan"},
{"id":548,"name":"バヌアツ","alpha2":"vu","alpha3":"vut"},
{"id":44,"name":"バハマ","alpha2":"bs","alpha3":"bhs"},
{"id":598,"name":"パプアニューギニア","alpha2":"pg","alpha3":"png"},
{"id":585,"name":"パラオ","alpha2":"pw","alpha3":"plw"},
{"id":600,"name":"パラグアイ","alpha2":"py","alpha3":"pry"},
{"id":52,"name":"バルバドス","alpha2":"bb","alpha3":"brb"},
{"id":348,"name":"ハンガリー","alpha2":"hu","alpha3":"hun"},
{"id":50,"name":"バングラデシュ","alpha2":"bd","alpha3":"bgd"},
{"id":626,"name":"東ティモール","alpha2":"tl","alpha3":"tls"},
{"id":242,"name":"フィジー","alpha2":"fj","alpha3":"fji"},
{"id":608,"name":"フィリピン","alpha2":"ph","alpha3":"phl"},
{"id":246,"name":"フィンランド","alpha2":"fi","alpha3":"fin"},
{"id":64,"name":"ブータン","alpha2":"bt","alpha3":"btn"},
{"id":76,"name":"ブラジル","alpha2":"br","alpha3":"bra"},
{"id":250,"name":"フランス","alpha2":"fr","alpha3":"fra"},
{"id":100,"name":"ブルガリア","alpha2":"bg","alpha3":"bgr"},
{"id":854,"name":"ブルキナファソ","alpha2":"bf","alpha3":"bfa"},
{"id":96,"name":"ブルネイ・ダルサラーム","alpha2":"bn","alpha3":"brn"},
{"id":108,"name":"ブルンジ","alpha2":"bi","alpha3":"bdi"},
{"id":704,"name":"ベトナム","alpha2":"vn","alpha3":"vnm"},
{"id":204,"name":"ベナン","alpha2":"bj","alpha3":"ben"},
{"id":862,"name":"ベネズエラ・ボリバル共和国","alpha2":"ve","alpha3":"ven"},
{"id":112,"name":"ベラルーシ","alpha2":"by","alpha3":"blr"},
{"id":84,"name":"ベリーズ","alpha2":"bz","alpha3":"blz"},
{"id":604,"name":"ペルー","alpha2":"pe","alpha3":"per"},
{"id":56,"name":"ベルギー","alpha2":"be","alpha3":"bel"},
{"id":616,"name":"ポーランド","alpha2":"pl","alpha3":"pol"},
{"id":70,"name":"ボスニア・ヘルツェゴビナ","alpha2":"ba","alpha3":"bih"},
{"id":72,"name":"ボツワナ","alpha2":"bw","alpha3":"bwa"},
{"id":68,"name":"ボリビア多民族国","alpha2":"bo","alpha3":"bol"},
{"id":620,"name":"ポルトガル","alpha2":"pt","alpha3":"prt"},
{"id":340,"name":"ホンジュラス","alpha2":"hn","alpha3":"hnd"},
{"id":584,"name":"マーシャル諸島","alpha2":"mh","alpha3":"mhl"},
{"id":450,"name":"マダガスカル","alpha2":"mg","alpha3":"mdg"},
{"id":454,"name":"マラウイ","alpha2":"mw","alpha3":"mwi"},
{"id":466,"name":"マリ","alpha2":"ml","alpha3":"mli"},
{"id":470,"name":"マルタ","alpha2":"mt","alpha3":"mlt"},
{"id":458,"name":"マレーシア","alpha2":"my","alpha3":"mys"},
{"id":583,"name":"ミクロネシア連邦","alpha2":"fm","alpha3":"fsm"},
{"id":710,"name":"南アフリカ","alpha2":"za","alpha3":"zaf"},
{"id":728,"name":"南スーダン","alpha2":"ss","alpha3":"ssd"},
{"id":104,"name":"ミャンマー","alpha2":"mm","alpha3":"mmr"},
{"id":484,"name":"メキシコ","alpha2":"mx","alpha3":"mex"},
{"id":480,"name":"モーリシャス","alpha2":"mu","alpha3":"mus"},
{"id":478,"name":"モーリタニア","alpha2":"mr","alpha3":"mrt"},
{"id":508,"name":"モザンビーク","alpha2":"mz","alpha3":"moz"},
{"id":492,"name":"モナコ","alpha2":"mc","alpha3":"mco"},
{"id":462,"name":"モルディブ","alpha2":"mv","alpha3":"mdv"},
{"id":498,"name":"モルドバ共和国","alpha2":"md","alpha3":"mda"},
{"id":504,"name":"モロッコ","alpha2":"ma","alpha3":"mar"},
{"id":496,"name":"モンゴル","alpha2":"mn","alpha3":"mng"},
{"id":499,"name":"モンテネグロ","alpha2":"me","alpha3":"mne"},
{"id":400,"name":"ヨルダン","alpha2":"jo","alpha3":"jor"},
{"id":418,"name":"ラオス人民民主共和国","alpha2":"la","alpha3":"lao"},
{"id":428,"name":"ラトビア","alpha2":"lv","alpha3":"lva"},
{"id":440,"name":"リトアニア","alpha2":"lt","alpha3":"ltu"},
{"id":434,"name":"リビア","alpha2":"ly","alpha3":"lby"},
{"id":438,"name":"リヒテンシュタイン","alpha2":"li","alpha3":"lie"},
{"id":430,"name":"リベリア","alpha2":"lr","alpha3":"lbr"},
{"id":642,"name":"ルーマニア","alpha2":"ro","alpha3":"rou"},
{"id":442,"name":"ルクセンブルク","alpha2":"lu","alpha3":"lux"},
{"id":646,"name":"ルワンダ","alpha2":"rw","alpha3":"rwa"},
{"id":426,"name":"レソト","alpha2":"ls","alpha3":"lso"},
{"id":422,"name":"レバノン","alpha2":"lb","alpha3":"lbn"},
{"id":643,"name":"ロシア連邦","alpha2":"ru","alpha3":"rus"}]