id,name,alpha2,alpha3
4,Afganistan,af,afg
8,Albánsko,al,alb
12,Alžírsko,dz,dza
20,Andorra,ad,and
24,Angola,ao,ago
28,"Antigua a Barbuda",ag,atg
32,Argentína,ar,arg
51,Arménsko,am,arm
36,Austrália,au,aus
31,Azerbajdžan,az,aze
44,Bahamy,bs,bhs
48,Bahrajn,bh,bhr
50,Bangladéš,bd,bgd
52,Barbados,bb,brb
56,Belgicko,be,bel
84,Belize,bz,blz
204,Benin,bj,ben
64,Bhután,bt,btn
112,Bielorusko,by,blr
68,Bolívia,bo,bol
70,"Bosna a Hercegovina",ba,bih
72,Botswana,bw,bwa
76,Brazília,br,bra
96,Brunej,bn,brn
100,Bulharsko,bg,bgr
854,Burkina,bf,bfa
108,Burundi,bi,bdi
196,Cyprus,cy,cyp
148,Čad,td,tcd
203,Česko,cz,cze
499,"Čierna Hora",me,mne
152,Čile,cl,chl
156,Čína,cn,chn
208,Dánsko,dk,dnk
212,Dominika,dm,dma
214,"Dominikánska republika",do,dom
262,Džibutsko,dj,dji
818,Egypt,eg,egy
218,Ekvádor,ec,ecu
232,Eritrea,er,eri
233,Estónsko,ee,est
231,Etiópia,et,eth
242,Fidži,fj,fji
608,Filipíny,ph,phl
246,Fínsko,fi,fin
250,Francúzsko,fr,fra
266,Gabon,ga,gab
270,Gambia,gm,gmb
288,Ghana,gh,gha
300,Grécko,gr,grc
308,Grenada,gd,grd
268,Gruzínsko,ge,geo
320,Guatemala,gt,gtm
324,Guinea,gn,gin
624,Guinea-Bissau,gw,gnb
328,Guyana,gy,guy
332,Haiti,ht,hti
528,Holandsko,nl,nld
340,Honduras,hn,hnd
191,Chorvátsko,hr,hrv
356,India,in,ind
360,Indonézia,id,idn
364,Irán,ir,irn
368,Irak,iq,irq
372,Írsko,ie,irl
352,Island,is,isl
376,Izrael,il,isr
388,Jamajka,jm,jam
392,Japonsko,jp,jpn
887,Jemen,ye,yem
400,Jordánsko,jo,jor
710,"Južná Afrika",za,zaf
728,"Južný Sudán",ss,ssd
116,Kambodža,kh,khm
120,Kamerun,cm,cmr
124,Kanada,ca,can
132,Kapverdy,cv,cpv
634,Katar,qa,qat
398,Kazachstan,kz,kaz
404,Keňa,ke,ken
417,Kirgizsko,kg,kgz
296,Kiribati,ki,kir
170,Kolumbia,co,col
174,Komory,km,com
178,Kongo,cg,cog
180,"Konžská demokratická republika",cd,cod
408,"Kórejská ľudovodemokratická republika",kp,prk
410,"Kórejská republika",kr,kor
188,Kostarika,cr,cri
192,Kuba,cu,cub
414,Kuvajt,kw,kwt
418,Laos,la,lao
426,Lesotho,ls,lso
422,Libanon,lb,lbn
430,Libéria,lr,lbr
434,Líbya,ly,lby
438,Lichtenštajnsko,li,lie
440,Litva,lt,ltu
428,Lotyšsko,lv,lva
442,Luxembursko,lu,lux
807,"Severné Macedónsko",mk,mkd
450,Madagaskar,mg,mdg
348,Maďarsko,hu,hun
458,Malajzia,my,mys
454,Malawi,mw,mwi
462,Maldivy,mv,mdv
466,Mali,ml,mli
470,Malta,mt,mlt
504,Maroko,ma,mar
584,"Marshallove ostrovy",mh,mhl
480,Maurícius,mu,mus
478,Mauritánia,mr,mrt
484,Mexiko,mx,mex
583,Mikronézia,fm,fsm
104,Mjanmarsko,mm,mmr
498,Moldavsko,md,mda
492,Monako,mc,mco
496,Mongolsko,mn,mng
508,Mozambik,mz,moz
516,Namíbia,na,nam
520,Nauru,nr,nru
276,Nemecko,de,deu
524,Nepál,np,npl
562,Niger,ne,ner
566,Nigéria,ng,nga
558,Nikaragua,ni,nic
578,Nórsko,no,nor
554,"Nový Zéland",nz,nzl
512,Omán,om,omn
586,Pakistan,pk,pak
585,Palau,pw,plw
591,Panama,pa,pan
598,"Papua-Nová Guinea",pg,png
600,Paraguaj,py,pry
604,Peru,pe,per
384,"Pobrežie Slonoviny",ci,civ
616,Poľsko,pl,pol
620,Portugalsko,pt,prt
40,Rakúsko,at,aut
226,"Rovníková Guinea",gq,gnq
642,Rumunsko,ro,rou
643,Rusko,ru,rus
646,Rwanda,rw,rwa
222,Salvádor,sv,slv
882,Samoa,ws,wsm
674,"San Maríno",sm,smr
682,"Saudská Arábia",sa,sau
686,Senegal,sn,sen
690,Seychely,sc,syc
694,"Sierra Leone",sl,sle
702,Singapur,sg,sgp
703,Slovensko,sk,svk
705,Slovinsko,si,svn
706,Somálsko,so,som
784,"Spojené arabské emiráty",ae,are
826,"Spojené kráľovstvo",gb,gbr
840,"Spojené štáty",us,usa
688,Srbsko,rs,srb
144,"Srí Lanka",lk,lka
140,"Stredoafrická republika",cf,caf
729,Sudán,sd,sdn
740,Surinam,sr,sur
662,"Svätá Lucia",lc,lca
659,"Svätý Krištof a Nevis",kn,kna
678,"Svätý Tomáš a Princov ostrov",st,stp
670,"Svätý Vincent a Grenadíny",vc,vct
748,Svazijsko,sz,swz
760,Sýria,sy,syr
90,"Šalamúnove ostrovy",sb,slb
724,Španielsko,es,esp
756,Švajčiarsko,ch,che
752,Švédsko,se,swe
762,Tadžikistan,tj,tjk
380,Taliansko,it,ita
834,Tanzánia,tz,tza
764,Thajsko,th,tha
768,Togo,tg,tgo
776,Tonga,to,ton
780,"Trinidad a Tobago",tt,tto
788,Tunisko,tn,tun
792,Turecko,tr,tur
795,Turkménsko,tm,tkm
798,Tuvalu,tv,tuv
800,Uganda,ug,uga
804,Ukrajina,ua,ukr
858,Uruguaj,uy,ury
860,Uzbekistan,uz,uzb
548,Vanuatu,vu,vut
862,Venezuela,ve,ven
704,Vietnam,vn,vnm
626,"Východný Timor",tl,tls
894,Zambia,zm,zmb
716,Zimbabwe,zw,zwe
