id,name,alpha2,alpha3
4,Afghanistan,af,afg
8,Albanien,al,alb
12,Algeriet,dz,dza
16,"Amerikansk Samoa",as,asm
20,Andorra,ad,and
24,Angola,ao,ago
660,Anguilla,ai,aia
10,"Antarktika (Antarktis)",aq,ata
28,"Antigua og Barbuda",ag,atg
32,Argentina,ar,arg
51,Armenien,am,arm
533,Aruba,aw,abw
36,Australien,au,aus
31,Aserbajdsjan,az,aze
44,Bahamas,bs,bhs
48,Bahrain,bh,bhr
50,Bangladesh,bd,bgd
52,Barbados,bb,brb
56,Belgien,be,bel
84,Belize,bz,blz
204,Benin,bj,ben
60,Bermuda,bm,bmu
64,Bhutan,bt,btn
68,Bolivia,bo,bol
70,Bosnien-Hercegovina,ba,bih
72,Botswana,bw,bwa
74,Bouvetøen,bv,bvt
76,Brasilien,br,bra
86,"British Indian Ocean Territory",io,iot
96,Brunei,bn,brn
100,Bulgarien,bg,bgr
854,"Burkina Faso",bf,bfa
104,Burma,mm,mmr
108,Burundi,bi,bdi
116,Cambodja,kh,khm
120,Cameroun,cm,cmr
124,Canada,ca,can
136,Caymanøerne,ky,cym
140,"Centralafrikanske Republik",cf,caf
152,Chile,cl,chl
162,Juleøen,cx,cxr
166,Cocosøerne,cc,cck
170,Colombia,co,col
174,Comorerne,km,com
178,Congo,cg,cog
180,"Demokratiske Republik Congo",cd,cod
184,Cookøerne,ck,cok
188,"Costa Rica",cr,cri
192,Cuba,cu,cub
531,Curaçao,cw,cuw
196,Cypern,cy,cyp
208,Danmark,dk,dnk
262,Djibouti,dj,dji
212,Dominica,dm,dma
214,"Dominikanske Republik",do,dom
218,Ecuador,ec,ecu
818,Egypten,eg,egy
384,Elfenbenskysten,ci,civ
222,"El Salvador",sv,slv
232,Eritrea,er,eri
233,Estland,ee,est
231,Etiopien,et,eth
238,Falklandsøerne,fk,flk
242,Fiji,fj,fji
608,Filippinerne,ph,phl
246,Finland,fi,fin
784,"Forenede Arabiske Emirater",ae,are
250,Frankrig,fr,fra
254,"Fransk Guiana",gf,guf
258,"Fransk Polynesien",pf,pyf
260,"Franske Sydterritorier",tf,atf
234,Færøerne,fo,fro
266,Gabon,ga,gab
270,Gambia,gm,gmb
268,Georgien,ge,geo
288,Ghana,gh,gha
292,Gibraltar,gi,gib
308,Grenada,gd,grd
300,Grækenland,gr,grc
304,Grønland,gl,grl
312,Guadeloupe,gp,glp
316,Guam,gu,gum
320,Guatemala,gt,gtm
831,Guernsey,gg,ggy
324,Guinea,gn,gin
624,Guinea-Bissau,gw,gnb
328,Guyana,gy,guy
332,Haiti,ht,hti
334,"Heard-øen og McDonald-øerne",hm,hmd
340,Honduras,hn,hnd
344,Hongkong,hk,hkg
112,Hviderusland,by,blr
833,"Isle of Man",im,imn
356,Indien,in,ind
360,Indonesien,id,idn
368,Irak,iq,irq
364,Iran,ir,irn
372,Irland,ie,irl
352,Island,is,isl
376,Israel,il,isr
380,Italien,it,ita
388,Jamaica,jm,jam
392,Japan,jp,jpn
832,Jersey,je,jey
92,"Britiske Jomfruøer",vg,vgb
850,"Amerikanske Jomfruøer",vi,vir
400,Jordan,jo,jor
535,"Nederlandske Antiller",bq,bes
132,"Kap Verde",cv,cpv
398,Kasakhstan,kz,kaz
404,Kenya,ke,ken
156,Kina,cn,chn
417,Kirgisistan,kg,kgz
296,Kiribati,ki,kir
191,Kroatien,hr,hrv
414,Kuwait,kw,kwt
418,Laos,la,lao
428,Letland,lv,lva
426,Lesotho,ls,lso
422,Libanon,lb,lbn
430,Liberia,lr,lbr
434,Libyen,ly,lby
438,Liechtenstein,li,lie
440,Litauen,lt,ltu
442,Luxembourg,lu,lux
446,Macao,mo,mac
450,Madagaskar,mg,mdg
807,Nordmakedonien,mk,mkd
454,Malawi,mw,mwi
458,Malaysia,my,mys
462,Maldiverne,mv,mdv
466,Mali,ml,mli
470,Malta,mt,mlt
504,Marokko,ma,mar
584,Marshalløerne,mh,mhl
474,Martinique,mq,mtq
478,Mauretanien,mr,mrt
480,Mauritius,mu,mus
175,Mayotte,yt,myt
484,Mexico,mx,mex
583,Mikronesien,fm,fsm
498,Moldova,md,mda
492,Monaco,mc,mco
496,Mongoliet,mn,mng
499,Montenegro,me,mne
500,Montserrat,ms,msr
508,Mozambique,mz,moz
516,Namibia,na,nam
520,Nauru,nr,nru
528,Holland,nl,nld
524,Nepal,np,npl
554,"New Zealand",nz,nzl
558,Nicaragua,ni,nic
562,Niger,ne,ner
566,Nigeria,ng,nga
570,Niue,nu,niu
408,Nordkorea,kp,prk
580,Nordmarianerne,mp,mnp
574,"Norfolk Island",nf,nfk
578,Norge,no,nor
540,"Ny Kaledonien",nc,ncl
512,Oman,om,omn
586,Pakistan,pk,pak
585,Palau,pw,plw
275,Palæstina,ps,pse
591,Panama,pa,pan
598,"Papua Ny Guinea",pg,png
600,Paraguay,py,pry
604,Peru,pe,per
612,Pitcairn,pn,pcn
616,Polen,pl,pol
620,Portugal,pt,prt
630,"Puerto Rico",pr,pri
634,Qatar,qa,qat
638,Réunion,re,reu
642,Rumænien,ro,rou
643,Rusland,ru,rus
646,Rwanda,rw,rwa
654,"Sankt Helena",sh,shn
652,"Saint Barthélemy",bl,blm
659,"Saint Kitts og Nevis",kn,kna
662,"Saint Lucia",lc,lca
663,"Saint Martin",mf,maf
666,"Saint-Pierre og Miquelon",pm,spm
670,"Saint Vincent og Grenadinerne",vc,vct
90,Salomonøerne,sb,slb
882,Samoa,ws,wsm
674,"San Marino",sm,smr
678,"São Tomé og Príncipe",st,stp
682,Saudi-Arabien,sa,sau
686,Senegal,sn,sen
688,Serbien,rs,srb
690,Seychellerne,sc,syc
694,"Sierra Leone",sl,sle
702,Singapore,sg,sgp
534,"Sint Maarten",sx,sxm
703,Slovakiet,sk,svk
705,Slovenien,si,svn
706,Somalia,so,som
724,Spanien,es,esp
144,"Sri Lanka",lk,lka
826,Storbritannien,gb,gbr
729,Sudan,sd,sdn
740,Surinam,sr,sur
744,"Svalbard og Jan Mayen (Norge)",sj,sjm
752,Sverige,se,swe
756,Schweiz,ch,che
748,Swaziland,sz,swz
760,Syrien,sy,syr
710,Sydafrika,za,zaf
239,"South Georgia og South Sandwich Islands",gs,sgs
410,Sydkorea,kr,kor
728,Sydsudan,ss,ssd
158,"Taiwan (Republikken Kina)",tw,twn
762,Tadsjikistan,tj,tjk
834,Tanzania,tz,tza
764,Thailand,th,tha
768,Togo,tg,tgo
772,Tokelau,tk,tkl
776,Tonga,to,ton
780,"Trinidad og Tobago",tt,tto
148,Tchad,td,tcd
203,Tjekkiet,cz,cze
788,Tunesien,tn,tun
792,Tyrkiet,tr,tur
795,Turkmenistan,tm,tkm
796,"Turks- og Caicosøerne",tc,tca
276,Tyskland,de,deu
798,Tuvalu,tv,tuv
800,Uganda,ug,uga
804,Ukraine,ua,ukr
348,Ungarn,hu,hun
858,Uruguay,uy,ury
840,USA,us,usa
581,"USA's ydre småøer",um,umi
860,Usbekistan,uz,uzb
548,Vanuatu,vu,vut
336,Vatikanstaten,va,vat
862,Venezuela,ve,ven
732,Vestsahara,eh,esh
704,Vietnam,vn,vnm
876,"Wallis og Futuna",wf,wlf
887,Yemen,ye,yem
894,Zambia,zm,zmb
716,Zimbabwe,zw,zwe
226,Ækvatorialguinea,gq,gnq
40,Østrig,at,aut
626,Østtimor,tl,tls
248,Ålandsøerne,ax,ala
