id,name,alpha2,alpha3
4,Afganistan,af,afg
248,Ahvenamaa,ax,ala
8,Albaania,al,alb
12,Alžeeria,dz,dza
16,"Ameerika Samoa",as,asm
840,"Ameerika Ühendriigid",us,usa
20,Andorra,ad,and
24,Angola,ao,ago
660,Anguilla,ai,aia
10,Antarktis,aq,ata
28,"Antigua ja Barbuda",ag,atg
784,"Araabia Ühendemiraadid",ae,are
32,Argentina,ar,arg
51,Armeenia,am,arm
533,Aruba,aw,abw
36,Austraalia,au,aus
40,Austria,at,aut
31,Aserbaidžaan,az,aze
44,Bahama,bs,bhs
48,Bahrein,bh,bhr
50,Bangladesh,bd,bgd
52,Barbados,bb,brb
585,Belau,pw,plw
56,Belgia,be,bel
84,Belize,bz,blz
204,Benin,bj,ben
60,Bermuda,bm,bmu
64,Bhutan,bt,btn
104,Birma,mm,mmr
68,Boliivia,bo,bol
535,"Bonaire, Sint Eustatius ja Saba",bq,bes
70,"Bosnia ja Hertsegoviina",ba,bih
72,Botswana,bw,bwa
74,Bouvet,bv,bvt
76,Brasiilia,br,bra
86,"Briti India ookeani ala",io,iot
92,"Briti Neitsisaared",vg,vgb
96,Brunei,bn,brn
100,Bulgaaria,bg,bgr
854,"Burkina Faso",bf,bfa
108,Burundi,bi,bdi
170,Colombia,co,col
184,"Cooki saared",ck,cok
188,"Costa Rica",cr,cri
531,Curaçao,cw,cuw
262,Djibouti,dj,dji
212,Dominica,dm,dma
214,"Dominikaani Vabariik",do,dom
218,Ecuador,ec,ecu
233,Eesti,ee,est
818,Egiptus,eg,egy
226,Ekvatoriaal-Guinea,gq,gnq
222,"El Salvador",sv,slv
384,Elevandiluurannik,ci,civ
232,Eritrea,er,eri
231,Etioopia,et,eth
238,"Falklandi saared",fk,flk
242,Fidži,fj,fji
234,"Fääri saared",fo,fro
266,Gabon,ga,gab
270,Gambia,gm,gmb
288,Ghana,gh,gha
292,Gibraltar,gi,gib
308,Grenada,gd,grd
268,Gruusia,ge,geo
304,Gröönimaa,gl,grl
312,Guadeloupe,gp,glp
316,Guam,gu,gum
320,Guatemala,gt,gtm
831,Guernsey,gg,ggy
324,Guinea,gn,gin
624,Guinea-Bissau,gw,gnb
328,Guyana,gy,guy
608,Filipiinid,ph,phl
332,Haiti,ht,hti
334,"Heard ja McDonald",hm,hmd
156,Hiina,cn,chn
724,Hispaania,es,esp
528,Holland,nl,nld
340,Honduras,hn,hnd
344,Hongkong,hk,hkg
191,Horvaatia,hr,hrv
372,Iirimaa,ie,irl
376,Iisrael,il,isr
626,Ida-Timor,tl,tls
356,India,in,ind
360,Indoneesia,id,idn
352,Island,is,isl
368,Iraak,iq,irq
364,Iraan,ir,irn
380,Itaalia,it,ita
392,Jaapan,jp,jpn
388,Jamaica,jm,jam
887,Jeemen,ye,yem
832,Jersey,je,jey
400,Jordaania,jo,jor
162,Jõulusaar,cx,cxr
136,Kaimanisaared,ky,cym
116,Kambodža,kh,khm
120,Kamerun,cm,cmr
124,Kanada,ca,can
398,Kasahstan,kz,kaz
634,Katar,qa,qat
404,Keenia,ke,ken
140,"Kesk-Aafrika Vabariik",cf,caf
296,Kiribati,ki,kir
174,Komoorid,km,com
180,"Kongo Demokraatlik Vabariik",cd,cod
178,"Kongo Vabariik",cg,cog
166,Kookossaared,cc,cck
300,Kreeka,gr,grc
192,Kuuba,cu,cub
414,Kuveit,kw,kwt
196,Küpros,cy,cyp
417,Kõrgõzstan,kg,kgz
418,Laos,la,lao
440,Leedu,lt,ltu
426,Lesotho,ls,lso
422,Liibanon,lb,lbn
430,Libeeria,lr,lbr
438,Liechtenstein,li,lie
434,Liibüa,ly,lby
442,Luksemburg,lu,lux
710,"Lõuna-Aafrika Vabariik",za,zaf
239,"Lõuna-Georgia ja Lõuna-Sandwichi saared",gs,sgs
410,Lõuna-Korea,kr,kor
728,Lõuna-Sudaan,ss,ssd
732,Lääne-Sahara,eh,esh
428,Läti,lv,lva
446,Macau,mo,mac
450,Madagaskar,mg,mdg
458,Malaisia,my,mys
454,Malawi,mw,mwi
462,Maldiivid,mv,mdv
466,Mali,ml,mli
470,Malta,mt,mlt
833,Man,im,imn
504,Maroko,ma,mar
584,"Marshalli Saared",mh,mhl
474,Martinique,mq,mtq
478,Mauritaania,mr,mrt
480,Mauritius,mu,mus
175,Mayotte,yt,myt
484,Mehhiko,mx,mex
583,"Mikroneesia Liiduriigid",fm,fsm
498,Moldova,md,mda
492,Monaco,mc,mco
496,Mongoolia,mn,mng
499,Montenegro,me,mne
500,Montserrat,ms,msr
508,Mosambiik,mz,moz
516,Namiibia,na,nam
520,Nauru,nr,nru
524,Nepal,np,npl
558,Nicaragua,ni,nic
566,Nigeeria,ng,nga
562,Niger,ne,ner
570,Niue,nu,niu
574,Norfolk,nf,nfk
578,Norra,no,nor
512,Omaan,om,omn
598,"Paapua Uus-Guinea",pg,png
586,Pakistan,pk,pak
275,Palestiina,ps,pse
591,Panama,pa,pan
600,Paraguay,py,pry
604,Peruu,pe,per
612,Pitcairn,pn,pcn
616,Poola,pl,pol
620,Portugal,pt,prt
254,"Prantsuse Guajaana",gf,guf
260,"Prantsuse Lõunaalad",tf,atf
258,"Prantsuse Polüneesia",pf,pyf
250,Prantsusmaa,fr,fra
630,"Puerto Rico",pr,pri
408,Põhja-Korea,kp,prk
807,Põhja-Makedoonia,mk,mkd
580,Põhja-Mariaanid,mp,mnp
638,Réunion,re,reu
132,Roheneemesaared,cv,cpv
752,Rootsi,se,swe
642,Rumeenia,ro,rou
646,Rwanda,rw,rwa
90,"Saalomoni Saared",sb,slb
652,Saint-Barthélemy,bl,blm
654,"Saint Helena",sh,shn
659,"Saint Kitts ja Nevis",kn,kna
662,"Saint Lucia",lc,lca
663,Saint-Martin,mf,maf
666,"Saint-Pierre ja Miquelon",pm,spm
670,"Saint Vincent ja Grenadiinid",vc,vct
276,Saksamaa,de,deu
894,Sambia,zm,zmb
882,Samoa,ws,wsm
674,"San Marino",sm,smr
678,"São Tomé ja Príncipe",st,stp
682,"Saudi Araabia",sa,sau
690,Seišellid,sc,syc
686,Senegal,sn,sen
688,Serbia,rs,srb
694,"Sierra Leone",sl,sle
702,Singapur,sg,sgp
534,"Sint Maarten",sx,sxm
703,Slovakkia,sk,svk
705,Sloveenia,si,svn
706,Somaalia,so,som
246,Soome,fi,fin
144,"Sri Lanka",lk,lka
729,Sudaan,sd,sdn
740,Suriname,sr,sur
826,Suurbritannia,gb,gbr
748,Svaasimaa,sz,swz
744,"Svalbard ja Jan Mayen",sj,sjm
760,Süüria,sy,syr
756,Šveits,ch,che
716,Zimbabwe,zw,zwe
208,Taani,dk,dnk
762,Tadžikistan,tj,tjk
764,Tai,th,tha
158,Taiwan,tw,twn
834,Tansaania,tz,tza
768,Togo,tg,tgo
772,Tokelau,tk,tkl
776,Tonga,to,ton
780,"Trinidad ja Tobago",tt,tto
148,Tšaad,td,tcd
203,Tšehhi,cz,cze
152,Tšiili,cl,chl
788,Tuneesia,tn,tun
792,Türgi,tr,tur
795,Türkmenistan,tm,tkm
796,"Turks ja Caicos",tc,tca
798,Tuvalu,tv,tuv
800,Uganda,ug,uga
804,Ukraina,ua,ukr
348,Ungari,hu,hun
858,Uruguay,uy,ury
850,"USA Neitsisaared",vi,vir
860,Usbekistan,uz,uzb
540,Uus-Kaledoonia,nc,ncl
554,Uus-Meremaa,nz,nzl
112,Valgevene,by,blr
548,Vanuatu,vu,vut
336,Vatikan,va,vat
643,Venemaa,ru,rus
862,Venezuela,ve,ven
704,Vietnam,vn,vnm
876,"Wallis ja Futuna",wf,wlf
581,"Ühendriikide hajasaared",um,umi
