

INSERT INTO `t_groups` (`id`, `is_active`, `name`, `created_at`, `updated_at`, `application`) VALUES
(1, 'YES', 'superadmin', '2011-11-07  11:26:44', '2011-11-07 11:26:44', 'superadmin'),
(2, 'YES', 'admin', '2011-11-07 11:26:44', '2011-11-07 11:26:44', 'superadmin'),
(3, 'YES', 'superadmin', '2011-11-07 11:26:44', '2011-11-07 11:26:44', 'admin'),
(4, 'YES', 'admin', '2011-11-07 11:26:44', '2011-11-07 11:26:44', 'admin'),
(5, 'YES', 'customer', '2011-11-07 11:26:44', '2011-11-07 11:26:44', 'frontend'),
(6, 'YES', 'admin', '2011-11-07 11:26:44', '2011-11-07 11:26:44', 'frontend');


INSERT INTO `t_user_group` (`group_id`, `user_id`, `is_active`) VALUES
(1, 1, 'YES'),
(2, 1, 'NO'),
(2, 2, 'YES'),
(3, 3, 'YES'),
(4, 3, 'NO'),
(4, 4, 'YES'),
(5, 6, 'NO'),
(6, 5, 'YES');


INSERT INTO `t_permissions` (`id`, `name`, `application`) VALUES
(1, 'superadmin', 'superadmin'),
(2, 'superadmin_write', 'superadmin'),
(3, 'superadmin_system', 'superadmin'),
(4, 'superadmin_specific', 'superadmin'),
(5, 'admin_write', 'superadmin'),
(6, 'admin_read', 'superadmin'),
(7, 'admin_specific', 'superadmin'),
(8, 'superadmin_specific2', 'superadmin'),
(9, 'admin', 'admin'),
(10, 'admin_write', 'admin'),
(11, 'admin_system', 'admin'),
(12, 'admin_specific', 'admin'),
(13, 'admin_write', 'admin'),
(14, 'admin_read', 'admin'),
(15, 'admin_specific', 'admin'),
(16, 'admin_specific2', 'admin'),
(17, 'frontend', 'frontend'),
(18, 'frontend_write', 'frontend'),
(19, 'frontend_system', 'frontend'),
(20, 'frontend_specific', 'frontend'),
(21, 'frontend_write', 'frontend'),
(22, 'frontend_read', 'frontend'),
(23, 'frontend_specific', 'frontend'),
(24, 'frontend_specific2', 'frontend'),
(25, 'superadmin_cron', 'superadmin');


INSERT INTO `t_group_permission` (`id`,`permission_id`, `group_id`) VALUES
(1, 1, 1),
(2, 2, 1),
(3, 3, 1),
(4,5, 2),
(5,6, 2),
(6,9, 3),
(7,10, 3),
(8,11, 3),
(9,12, 4),
(10,13, 4),
(11,17, 5),
(12,18, 5),
(13,19, 6),
(14,20, 6),
(15,25, 1);


INSERT INTO `t_user_permission` (`permission_id`, `user_id`) VALUES
(4, 1),
(7, 2),
(8, 1),
(14, 3),
(15, 4),
(16, 3);


--
-- Contenu de la table `t_sessions`
--

INSERT INTO `t_sessions` (`session`, `user_id`, `ip`, `start_time`, `last_time`) VALUES
('v401l8kcql77rrl91sbsl4i0a4', 1, '109.190.16.198', '2011-11-08 15:40:56', '2011-11-08 15:40:57'),
('rheoa3ujce5e98c953vi134da0', 1, '109.190.16.198', '2011-11-08 15:41:36', '2011-11-08 16:13:48'),
('8cjcp2kqi07qopv4rg1t8mvb73', 1, '109.190.16.198', '2011-11-08 16:14:30', '2011-11-08 16:14:30'),
('cqraim2eluprmle4p60enrj8i6', 1, '109.190.16.198', '2011-11-08 16:17:03', '2011-11-08 16:17:03'),
('mq2actak4990dih6svm9i9n8n0', 2, '109.190.16.198', '2011-11-08 17:49:54', '2011-11-08 18:01:02'),
('p27lc2ubna9meq9si3uo6tf7g0', 1, '109.190.16.198', '2011-11-08 18:04:52', '2011-11-08 18:01:55'),
('boa6alsq0jjjht2fdujvt5di60', 1, '109.190.16.198', '2011-11-08 18:05:11', '2011-11-08 18:05:11'),
('3e9h94d6v3unfijs8ldsrd0ap3', 1, '109.190.16.198', '2011-11-08 20:29:47', '2011-11-08 20:26:51'),
('jn8v4st4qbtmh33astj6m5vke6', 2, '109.190.16.198', '2011-11-08 20:30:41', '2011-11-08 20:30:52'),
('6574pgqj2r1rmrnfe189mdot62', 1, '109.190.16.198', '2011-11-09 22:26:10', '2011-11-09 22:23:36'),
('lgeav521r6eupq95d9ikpe16v3', 1, '109.190.16.198', '2011-11-10 13:46:32', '2011-11-10 13:46:32'),
('f6m02f0v16f0ij7jvjk44sodg3', 2, '109.190.16.198', '2011-11-11 10:34:24', '2011-11-11 10:35:21'),
('c77t3m32nf8f4s8kqgm3p4b2h5', 1, '109.190.16.198', '2011-11-11 12:42:41', '2011-11-11 12:43:15'),
('a4ct7m3p20csaqmsaduns02723', 1, '109.190.16.198', '2011-11-11 15:01:50', '2011-11-11 15:02:22'),
('vpjklild0s07712es045nve9o7', 2, '109.190.16.198', '2011-11-11 16:01:24', '2011-11-11 16:01:29'),
('v4aukjg4ts1mqakb41ocpekt77', 2, '109.190.16.198', '2011-11-11 20:12:47', '2011-11-11 21:03:20'),
('j0qenpu5g3j8r0ae5l7gi3qod4', 1, '109.190.16.198', '2011-11-11 21:24:22', '2011-11-11 21:24:21'),
('v6pqe4vvrdtce75fj7l7935qd0', 1, '109.190.16.198', '2011-11-15 14:51:10', '2011-11-15 14:51:29'),
('vuoi8m93p57tbufh21ch9j3122', 1, '109.190.16.198', '2011-11-15 15:02:12', '2011-11-15 15:02:42'),
('jijlctofnvmsq0qh5n4ffqsp33', 1, '109.190.16.198', '2011-11-15 22:57:37', '2011-11-15 23:01:02'),
('64ponplsptqpgr2so7kirtsi13', 1, '109.190.16.198', '2011-11-16 21:30:00', '2011-11-16 21:41:59'),
('9008foc4ev0uv4fftberh6se12', 1, '109.190.16.198', '2011-11-17 10:12:27', '2011-11-17 10:12:57'),
('r4a5ot1otkfuqtcd8if59793j1', 1, '109.190.16.198', '2011-11-18 12:53:04', '2011-11-18 12:58:21'),
('1no43pur96n0f25bigk49cnch1', 1, '109.190.16.198', '2011-11-18 15:29:26', '2011-11-18 15:56:15'),
('0a9ie4bo4809ga0qlvder1rd40', 1, '109.190.16.198', '2011-11-18 19:57:15', '2011-11-18 19:57:41'),
('89fe3gfto8jfkc9ehv7ogqur12', 1, '109.190.16.198', '2011-11-25 15:03:43', '2011-11-25 15:23:13'),
('bekm00je0eai5lj6hko54pf3k3', 1, '109.190.16.198', '2011-11-25 21:15:44', '2011-11-25 21:31:51'),
('ricd49ac9a9fkfva3eihlhfqh4', 1, '109.190.16.198', '2011-11-25 21:49:51', '2011-11-25 21:49:51'),
('99mgp95aotvqb7q96v0l028273', 1, '109.190.16.198', '2011-11-26 08:45:00', '2011-11-26 08:45:20'),
('70egn358toea548f1j99p12626', 1, '109.190.16.198', '2011-11-26 14:12:11', '2011-11-26 14:25:23'),
('m1rfu1cc517l2q1q6osgphd6o5', 1, '109.190.16.198', '2011-11-26 15:20:23', '2011-11-26 15:56:14'),
('2h109i3h9fkavrv2he2kfcoc57', 1, '109.190.16.198', '2011-11-26 17:45:10', '2011-11-26 17:45:10'),
('drir1jrubp0tsisrh3krv3b3e0', 1, '109.190.16.198', '2011-11-28 20:51:51', '2011-11-28 21:49:43'),
('pe03hegs9fhpsit67473010tm6', 1, '109.190.16.198', '2011-11-28 22:25:54', '2011-11-28 22:25:54'),
('41sjtsomhpppvhp4g1puuu56c3', 1, '109.190.16.198', '2011-12-02 00:10:39', '2011-12-02 00:27:20'),
('cp2guvjnsecr087mch5r5dv7h3', 1, '109.190.16.198', '2011-12-02 09:39:59', '2011-12-02 09:54:28'),
('u299gop3d0nv1jcmjir7u86sl4', 1, '109.190.16.198', '2011-12-02 17:22:49', '2011-12-02 17:45:53'),
('4l9oien2bsosui3p3bt7t7sqv4', 1, '109.190.16.198', '2011-12-02 21:59:24', '2011-12-02 22:00:27'),
('c8t4ee5qhns8b3t1th539tpqa6', 1, '109.190.16.198', '2011-12-03 07:55:28', '2011-12-03 08:04:52'),
('peuuf3roqm7o16r3i3sra6op32', 1, '109.190.16.198', '2011-12-04 18:07:29', '2011-12-04 18:33:51'),
('euudmlf6588k2pklc96g552mk5', 1, '109.190.16.198', '2011-12-04 20:16:59', '2011-12-04 20:17:13'),
('cmut9o2o36qoujhvqhgv4echs7', 1, '109.190.16.198', '2011-12-05 21:04:13', '2011-12-05 21:51:20'),
('h6d4ulv1e3gpnkisc2baqj4m60', 1, '109.190.16.198', '2011-12-05 22:42:04', '2011-12-05 23:06:32');


