[{"id":4,"name":"阿富汗","alpha2":"af","alpha3":"afg"},
{"id":248,"name":"奧蘭","alpha2":"ax","alpha3":"ala"},
{"id":8,"name":"阿爾巴尼亞","alpha2":"al","alpha3":"alb"},
{"id":12,"name":"阿爾及利亞","alpha2":"dz","alpha3":"dza"},
{"id":16,"name":"美屬薩摩亞","alpha2":"as","alpha3":"asm"},
{"id":20,"name":"安道爾","alpha2":"ad","alpha3":"and"},
{"id":24,"name":"安哥拉","alpha2":"ao","alpha3":"ago"},
{"id":660,"name":"安圭拉","alpha2":"ai","alpha3":"aia"},
{"id":10,"name":"南極洲","alpha2":"aq","alpha3":"ata"},
{"id":28,"name":"安地卡及巴布達","alpha2":"ag","alpha3":"atg"},
{"id":32,"name":"阿根廷","alpha2":"ar","alpha3":"arg"},
{"id":51,"name":"亞美尼亞","alpha2":"am","alpha3":"arm"},
{"id":533,"name":"阿魯巴","alpha2":"aw","alpha3":"abw"},
{"id":36,"name":"澳大利亞","alpha2":"au","alpha3":"aus"},
{"id":40,"name":"奧地利","alpha2":"at","alpha3":"aut"},
{"id":31,"name":"亞塞拜然","alpha2":"az","alpha3":"aze"},
{"id":44,"name":"巴哈馬","alpha2":"bs","alpha3":"bhs"},
{"id":48,"name":"巴林","alpha2":"bh","alpha3":"bhr"},
{"id":50,"name":"孟加拉國","alpha2":"bd","alpha3":"bgd"},
{"id":52,"name":"巴貝多","alpha2":"bb","alpha3":"brb"},
{"id":112,"name":"白俄羅斯","alpha2":"by","alpha3":"blr"},
{"id":56,"name":"比利時","alpha2":"be","alpha3":"bel"},
{"id":84,"name":"貝里斯","alpha2":"bz","alpha3":"blz"},
{"id":204,"name":"貝南","alpha2":"bj","alpha3":"ben"},
{"id":60,"name":"百慕達","alpha2":"bm","alpha3":"bmu"},
{"id":64,"name":"不丹","alpha2":"bt","alpha3":"btn"},
{"id":68,"name":"玻利維亞","alpha2":"bo","alpha3":"bol"},
{"id":535,"name":"荷蘭加勒比區","alpha2":"bq","alpha3":"bes"},
{"id":70,"name":"波赫","alpha2":"ba","alpha3":"bih"},
{"id":72,"name":"波札那","alpha2":"bw","alpha3":"bwa"},
{"id":74,"name":"布韋島","alpha2":"bv","alpha3":"bvt"},
{"id":76,"name":"巴西","alpha2":"br","alpha3":"bra"},
{"id":86,"name":"英屬印度洋領地","alpha2":"io","alpha3":"iot"},
{"id":96,"name":"汶萊","alpha2":"bn","alpha3":"brn"},
{"id":100,"name":"保加利亞","alpha2":"bg","alpha3":"bgr"},
{"id":854,"name":"布吉納法索","alpha2":"bf","alpha3":"bfa"},
{"id":108,"name":"蒲隆地","alpha2":"bi","alpha3":"bdi"},
{"id":132,"name":"維德角","alpha2":"cv","alpha3":"cpv"},
{"id":116,"name":"柬埔寨","alpha2":"kh","alpha3":"khm"},
{"id":120,"name":"喀麥隆","alpha2":"cm","alpha3":"cmr"},
{"id":124,"name":"加拿大","alpha2":"ca","alpha3":"can"},
{"id":136,"name":"開曼群島","alpha2":"ky","alpha3":"cym"},
{"id":140,"name":"中非","alpha2":"cf","alpha3":"caf"},
{"id":148,"name":"查德","alpha2":"td","alpha3":"tcd"},
{"id":152,"name":"智利","alpha2":"cl","alpha3":"chl"},
{"id":156,"name":"中國","alpha2":"cn","alpha3":"chn"},
{"id":162,"name":"聖誕島","alpha2":"cx","alpha3":"cxr"},
{"id":166,"name":"科科斯（基林）群島","alpha2":"cc","alpha3":"cck"},
{"id":170,"name":"哥倫比亞","alpha2":"co","alpha3":"col"},
{"id":174,"name":"葛摩","alpha2":"km","alpha3":"com"},
{"id":178,"name":"剛果共和國","alpha2":"cg","alpha3":"cog"},
{"id":180,"name":"剛果民主共和國","alpha2":"cd","alpha3":"cod"},
{"id":184,"name":"庫克群島","alpha2":"ck","alpha3":"cok"},
{"id":188,"name":"哥斯大黎加","alpha2":"cr","alpha3":"cri"},
{"id":384,"name":"象牙海岸","alpha2":"ci","alpha3":"civ"},
{"id":191,"name":"克羅埃西亞","alpha2":"hr","alpha3":"hrv"},
{"id":192,"name":"古巴","alpha2":"cu","alpha3":"cub"},
{"id":531,"name":"古拉索","alpha2":"cw","alpha3":"cuw"},
{"id":196,"name":"賽普勒斯","alpha2":"cy","alpha3":"cyp"},
{"id":203,"name":"捷克","alpha2":"cz","alpha3":"cze"},
{"id":208,"name":"丹麥","alpha2":"dk","alpha3":"dnk"},
{"id":262,"name":"吉布地","alpha2":"dj","alpha3":"dji"},
{"id":212,"name":"多米尼克","alpha2":"dm","alpha3":"dma"},
{"id":214,"name":"多明尼加","alpha2":"do","alpha3":"dom"},
{"id":218,"name":"厄瓜多","alpha2":"ec","alpha3":"ecu"},
{"id":818,"name":"埃及","alpha2":"eg","alpha3":"egy"},
{"id":222,"name":"薩爾瓦多","alpha2":"sv","alpha3":"slv"},
{"id":226,"name":"赤道幾內亞","alpha2":"gq","alpha3":"gnq"},
{"id":232,"name":"厄利垂亞","alpha2":"er","alpha3":"eri"},
{"id":233,"name":"愛沙尼亞","alpha2":"ee","alpha3":"est"},
{"id":748,"name":"史瓦帝尼","alpha2":"sz","alpha3":"swz"},
{"id":231,"name":"衣索比亞","alpha2":"et","alpha3":"eth"},
{"id":238,"name":"福克蘭群島","alpha2":"fk","alpha3":"flk"},
{"id":234,"name":"法羅群島","alpha2":"fo","alpha3":"fro"},
{"id":242,"name":"斐濟","alpha2":"fj","alpha3":"fji"},
{"id":246,"name":"芬蘭","alpha2":"fi","alpha3":"fin"},
{"id":250,"name":"法國","alpha2":"fr","alpha3":"fra"},
{"id":254,"name":"法屬圭亞那","alpha2":"gf","alpha3":"guf"},
{"id":258,"name":"法屬玻里尼西亞","alpha2":"pf","alpha3":"pyf"},
{"id":260,"name":"法屬南部和南極領地","alpha2":"tf","alpha3":"atf"},
{"id":266,"name":"加彭","alpha2":"ga","alpha3":"gab"},
{"id":270,"name":"甘比亞","alpha2":"gm","alpha3":"gmb"},
{"id":268,"name":"喬治亞","alpha2":"ge","alpha3":"geo"},
{"id":276,"name":"德國","alpha2":"de","alpha3":"deu"},
{"id":288,"name":"加納","alpha2":"gh","alpha3":"gha"},
{"id":292,"name":"直布羅陀","alpha2":"gi","alpha3":"gib"},
{"id":300,"name":"希臘","alpha2":"gr","alpha3":"grc"},
{"id":304,"name":"格陵蘭","alpha2":"gl","alpha3":"grl"},
{"id":308,"name":"格瑞那達","alpha2":"gd","alpha3":"grd"},
{"id":312,"name":"瓜地洛普","alpha2":"gp","alpha3":"glp"},
{"id":316,"name":"關島","alpha2":"gu","alpha3":"gum"},
{"id":320,"name":"瓜地馬拉","alpha2":"gt","alpha3":"gtm"},
{"id":831,"name":"根西","alpha2":"gg","alpha3":"ggy"},
{"id":324,"name":"幾內亞","alpha2":"gn","alpha3":"gin"},
{"id":624,"name":"幾內亞比索","alpha2":"gw","alpha3":"gnb"},
{"id":328,"name":"蓋亞那","alpha2":"gy","alpha3":"guy"},
{"id":332,"name":"海地","alpha2":"ht","alpha3":"hti"},
{"id":334,"name":"赫德島和麥克唐納群島","alpha2":"hm","alpha3":"hmd"},
{"id":336,"name":"梵蒂岡","alpha2":"va","alpha3":"vat"},
{"id":340,"name":"宏都拉斯","alpha2":"hn","alpha3":"hnd"},
{"id":344,"name":"香港","alpha2":"hk","alpha3":"hkg"},
{"id":348,"name":"匈牙利","alpha2":"hu","alpha3":"hun"},
{"id":352,"name":"冰島","alpha2":"is","alpha3":"isl"},
{"id":356,"name":"印度","alpha2":"in","alpha3":"ind"},
{"id":360,"name":"印尼","alpha2":"id","alpha3":"idn"},
{"id":364,"name":"伊朗","alpha2":"ir","alpha3":"irn"},
{"id":368,"name":"伊拉克","alpha2":"iq","alpha3":"irq"},
{"id":372,"name":"愛爾蘭","alpha2":"ie","alpha3":"irl"},
{"id":833,"name":"曼島","alpha2":"im","alpha3":"imn"},
{"id":376,"name":"以色列","alpha2":"il","alpha3":"isr"},
{"id":380,"name":"義大利","alpha2":"it","alpha3":"ita"},
{"id":388,"name":"牙買加","alpha2":"jm","alpha3":"jam"},
{"id":392,"name":"日本","alpha2":"jp","alpha3":"jpn"},
{"id":832,"name":"澤西","alpha2":"je","alpha3":"jey"},
{"id":400,"name":"約旦","alpha2":"jo","alpha3":"jor"},
{"id":398,"name":"哈薩克","alpha2":"kz","alpha3":"kaz"},
{"id":404,"name":"肯亞","alpha2":"ke","alpha3":"ken"},
{"id":296,"name":"吉里巴斯","alpha2":"ki","alpha3":"kir"},
{"id":408,"name":"北韓","alpha2":"kp","alpha3":"prk"},
{"id":410,"name":"韓國","alpha2":"kr","alpha3":"kor"},
{"id":414,"name":"科威特","alpha2":"kw","alpha3":"kwt"},
{"id":417,"name":"吉爾吉斯","alpha2":"kg","alpha3":"kgz"},
{"id":418,"name":"寮國","alpha2":"la","alpha3":"lao"},
{"id":428,"name":"拉脫維亞","alpha2":"lv","alpha3":"lva"},
{"id":422,"name":"黎巴嫩","alpha2":"lb","alpha3":"lbn"},
{"id":426,"name":"賴索托","alpha2":"ls","alpha3":"lso"},
{"id":430,"name":"賴比瑞亞","alpha2":"lr","alpha3":"lbr"},
{"id":434,"name":"利比亞","alpha2":"ly","alpha3":"lby"},
{"id":438,"name":"列支敦斯登","alpha2":"li","alpha3":"lie"},
{"id":440,"name":"立陶宛","alpha2":"lt","alpha3":"ltu"},
{"id":442,"name":"盧森堡","alpha2":"lu","alpha3":"lux"},
{"id":446,"name":"澳門","alpha2":"mo","alpha3":"mac"},
{"id":450,"name":"馬達加斯加","alpha2":"mg","alpha3":"mdg"},
{"id":454,"name":"馬拉威","alpha2":"mw","alpha3":"mwi"},
{"id":458,"name":"馬來西亞","alpha2":"my","alpha3":"mys"},
{"id":462,"name":"馬爾地夫","alpha2":"mv","alpha3":"mdv"},
{"id":466,"name":"馬利","alpha2":"ml","alpha3":"mli"},
{"id":470,"name":"馬爾他","alpha2":"mt","alpha3":"mlt"},
{"id":584,"name":"馬紹爾群島","alpha2":"mh","alpha3":"mhl"},
{"id":474,"name":"馬丁尼克","alpha2":"mq","alpha3":"mtq"},
{"id":478,"name":"茅利塔尼亞","alpha2":"mr","alpha3":"mrt"},
{"id":480,"name":"模里西斯","alpha2":"mu","alpha3":"mus"},
{"id":175,"name":"馬約特","alpha2":"yt","alpha3":"myt"},
{"id":484,"name":"墨西哥","alpha2":"mx","alpha3":"mex"},
{"id":583,"name":"密克羅尼西亞聯邦","alpha2":"fm","alpha3":"fsm"},
{"id":498,"name":"摩爾多瓦","alpha2":"md","alpha3":"mda"},
{"id":492,"name":"摩納哥","alpha2":"mc","alpha3":"mco"},
{"id":496,"name":"蒙古國","alpha2":"mn","alpha3":"mng"},
{"id":499,"name":"蒙特內哥羅","alpha2":"me","alpha3":"mne"},
{"id":500,"name":"蒙特塞拉特","alpha2":"ms","alpha3":"msr"},
{"id":504,"name":"摩洛哥","alpha2":"ma","alpha3":"mar"},
{"id":508,"name":"莫三比克","alpha2":"mz","alpha3":"moz"},
{"id":104,"name":"緬甸","alpha2":"mm","alpha3":"mmr"},
{"id":516,"name":"納米比亞","alpha2":"na","alpha3":"nam"},
{"id":520,"name":"諾魯","alpha2":"nr","alpha3":"nru"},
{"id":524,"name":"尼泊爾","alpha2":"np","alpha3":"npl"},
{"id":528,"name":"荷蘭","alpha2":"nl","alpha3":"nld"},
{"id":540,"name":"新喀里多尼亞","alpha2":"nc","alpha3":"ncl"},
{"id":554,"name":"紐西蘭","alpha2":"nz","alpha3":"nzl"},
{"id":558,"name":"尼加拉瓜","alpha2":"ni","alpha3":"nic"},
{"id":562,"name":"尼日","alpha2":"ne","alpha3":"ner"},
{"id":566,"name":"奈及利亞","alpha2":"ng","alpha3":"nga"},
{"id":570,"name":"紐埃","alpha2":"nu","alpha3":"niu"},
{"id":574,"name":"諾福克島","alpha2":"nf","alpha3":"nfk"},
{"id":807,"name":"北馬其頓","alpha2":"mk","alpha3":"mkd"},
{"id":580,"name":"北馬利安納群島","alpha2":"mp","alpha3":"mnp"},
{"id":578,"name":"挪威","alpha2":"no","alpha3":"nor"},
{"id":512,"name":"阿曼","alpha2":"om","alpha3":"omn"},
{"id":586,"name":"巴基斯坦","alpha2":"pk","alpha3":"pak"},
{"id":585,"name":"帛琉","alpha2":"pw","alpha3":"plw"},
{"id":275,"name":"巴勒斯坦","alpha2":"ps","alpha3":"pse"},
{"id":591,"name":"巴拿馬","alpha2":"pa","alpha3":"pan"},
{"id":598,"name":"巴布亞紐幾內亞","alpha2":"pg","alpha3":"png"},
{"id":600,"name":"巴拉圭","alpha2":"py","alpha3":"pry"},
{"id":604,"name":"秘魯","alpha2":"pe","alpha3":"per"},
{"id":608,"name":"菲律賓","alpha2":"ph","alpha3":"phl"},
{"id":612,"name":"皮特肯群島","alpha2":"pn","alpha3":"pcn"},
{"id":616,"name":"波蘭","alpha2":"pl","alpha3":"pol"},
{"id":620,"name":"葡萄牙","alpha2":"pt","alpha3":"prt"},
{"id":630,"name":"波多黎各","alpha2":"pr","alpha3":"pri"},
{"id":634,"name":"卡達","alpha2":"qa","alpha3":"qat"},
{"id":638,"name":"留尼旺","alpha2":"re","alpha3":"reu"},
{"id":642,"name":"羅馬尼亞","alpha2":"ro","alpha3":"rou"},
{"id":643,"name":"俄羅斯","alpha2":"ru","alpha3":"rus"},
{"id":646,"name":"盧安達","alpha2":"rw","alpha3":"rwa"},
{"id":652,"name":"聖巴瑟米","alpha2":"bl","alpha3":"blm"},
{"id":654,"name":"聖赫倫那、阿森松和特里斯坦-達庫尼亞","alpha2":"sh","alpha3":"shn"},
{"id":659,"name":"聖克里斯多福及尼維斯","alpha2":"kn","alpha3":"kna"},
{"id":662,"name":"聖露西亞","alpha2":"lc","alpha3":"lca"},
{"id":663,"name":"法屬聖馬丁","alpha2":"mf","alpha3":"maf"},
{"id":666,"name":"聖皮埃與密克隆群島","alpha2":"pm","alpha3":"spm"},
{"id":670,"name":"聖文森及格瑞那丁","alpha2":"vc","alpha3":"vct"},
{"id":882,"name":"薩摩亞","alpha2":"ws","alpha3":"wsm"},
{"id":674,"name":"聖馬利諾","alpha2":"sm","alpha3":"smr"},
{"id":678,"name":"聖多美普林西比","alpha2":"st","alpha3":"stp"},
{"id":682,"name":"沙烏地阿拉伯","alpha2":"sa","alpha3":"sau"},
{"id":686,"name":"塞內加爾","alpha2":"sn","alpha3":"sen"},
{"id":688,"name":"塞爾維亞","alpha2":"rs","alpha3":"srb"},
{"id":690,"name":"塞席爾","alpha2":"sc","alpha3":"syc"},
{"id":694,"name":"獅子山","alpha2":"sl","alpha3":"sle"},
{"id":702,"name":"新加坡","alpha2":"sg","alpha3":"sgp"},
{"id":534,"name":"荷屬聖馬丁","alpha2":"sx","alpha3":"sxm"},
{"id":703,"name":"斯洛伐克","alpha2":"sk","alpha3":"svk"},
{"id":705,"name":"斯洛維尼亞","alpha2":"si","alpha3":"svn"},
{"id":90,"name":"索羅門群島","alpha2":"sb","alpha3":"slb"},
{"id":706,"name":"索馬利亞","alpha2":"so","alpha3":"som"},
{"id":710,"name":"南非","alpha2":"za","alpha3":"zaf"},
{"id":239,"name":"南喬治亞和南桑威奇群島","alpha2":"gs","alpha3":"sgs"},
{"id":728,"name":"南蘇丹","alpha2":"ss","alpha3":"ssd"},
{"id":724,"name":"西班牙","alpha2":"es","alpha3":"esp"},
{"id":144,"name":"斯里蘭卡","alpha2":"lk","alpha3":"lka"},
{"id":729,"name":"蘇丹","alpha2":"sd","alpha3":"sdn"},
{"id":740,"name":"蘇利南","alpha2":"sr","alpha3":"sur"},
{"id":744,"name":"斯瓦爾巴和揚馬延","alpha2":"sj","alpha3":"sjm"},
{"id":752,"name":"瑞典","alpha2":"se","alpha3":"swe"},
{"id":756,"name":"瑞士","alpha2":"ch","alpha3":"che"},
{"id":760,"name":"敘利亞","alpha2":"sy","alpha3":"syr"},
{"id":158,"name":"台灣","alpha2":"tw","alpha3":"twn"},
{"id":762,"name":"塔吉克","alpha2":"tj","alpha3":"tjk"},
{"id":834,"name":"坦尚尼亞","alpha2":"tz","alpha3":"tza"},
{"id":764,"name":"泰國","alpha2":"th","alpha3":"tha"},
{"id":626,"name":"東帝汶","alpha2":"tl","alpha3":"tls"},
{"id":768,"name":"多哥","alpha2":"tg","alpha3":"tgo"},
{"id":772,"name":"托克勞","alpha2":"tk","alpha3":"tkl"},
{"id":776,"name":"東加","alpha2":"to","alpha3":"ton"},
{"id":780,"name":"千里達及托巴哥","alpha2":"tt","alpha3":"tto"},
{"id":788,"name":"突尼西亞","alpha2":"tn","alpha3":"tun"},
{"id":792,"name":"土耳其","alpha2":"tr","alpha3":"tur"},
{"id":795,"name":"土庫曼","alpha2":"tm","alpha3":"tkm"},
{"id":796,"name":"特克斯與凱科斯群島","alpha2":"tc","alpha3":"tca"},
{"id":798,"name":"吐瓦魯","alpha2":"tv","alpha3":"tuv"},
{"id":800,"name":"烏干達","alpha2":"ug","alpha3":"uga"},
{"id":804,"name":"烏克蘭","alpha2":"ua","alpha3":"ukr"},
{"id":784,"name":"阿聯","alpha2":"ae","alpha3":"are"},
{"id":826,"name":"英國","alpha2":"gb","alpha3":"gbr"},
{"id":840,"name":"美國","alpha2":"us","alpha3":"usa"},
{"id":581,"name":"美國本土外小島嶼","alpha2":"um","alpha3":"umi"},
{"id":858,"name":"烏拉圭","alpha2":"uy","alpha3":"ury"},
{"id":860,"name":"烏茲別克","alpha2":"uz","alpha3":"uzb"},
{"id":548,"name":"萬那杜","alpha2":"vu","alpha3":"vut"},
{"id":862,"name":"委內瑞拉","alpha2":"ve","alpha3":"ven"},
{"id":704,"name":"越南","alpha2":"vn","alpha3":"vnm"},
{"id":92,"name":"英屬維京群島","alpha2":"vg","alpha3":"vgb"},
{"id":850,"name":"美屬維京群島","alpha2":"vi","alpha3":"vir"},
{"id":876,"name":"瓦利斯和富圖那","alpha2":"wf","alpha3":"wlf"},
{"id":732,"name":"撒拉威阿拉伯民主共和國","alpha2":"eh","alpha3":"esh"},
{"id":887,"name":"葉門","alpha2":"ye","alpha3":"yem"},
{"id":894,"name":"尚比亞","alpha2":"zm","alpha3":"zmb"},
{"id":716,"name":"辛巴威","alpha2":"zw","alpha3":"zwe"}]