[{"id":4,"name":"Afganistanas","alpha2":"af","alpha3":"afg"},
{"id":248,"name":"Alandų salos","alpha2":"ax","alpha3":"ala"},
{"id":8,"name":"Albanija","alpha2":"al","alpha3":"alb"},
{"id":12,"name":"Alžyras","alpha2":"dz","alpha3":"dza"},
{"id":16,"name":"Amerikos Samoa","alpha2":"as","alpha3":"asm"},
{"id":20,"name":"Andora","alpha2":"ad","alpha3":"and"},
{"id":24,"name":"Angola","alpha2":"ao","alpha3":"ago"},
{"id":660,"name":"Angilija","alpha2":"ai","alpha3":"aia"},
{"id":10,"name":"Antarktida","alpha2":"aq","alpha3":"ata"},
{"id":28,"name":"Antigva ir Barbuda","alpha2":"ag","alpha3":"atg"},
{"id":32,"name":"Argentina","alpha2":"ar","alpha3":"arg"},
{"id":51,"name":"Armėnija","alpha2":"am","alpha3":"arm"},
{"id":533,"name":"Aruba","alpha2":"aw","alpha3":"abw"},
{"id":36,"name":"Australija","alpha2":"au","alpha3":"aus"},
{"id":40,"name":"Austrija","alpha2":"at","alpha3":"aut"},
{"id":31,"name":"Azerbaidžanas","alpha2":"az","alpha3":"aze"},
{"id":44,"name":"Bahamos","alpha2":"bs","alpha3":"bhs"},
{"id":48,"name":"Bahreinas","alpha2":"bh","alpha3":"bhr"},
{"id":112,"name":"Baltarusija","alpha2":"by","alpha3":"blr"},
{"id":50,"name":"Bangladešas","alpha2":"bd","alpha3":"bgd"},
{"id":52,"name":"Barbadosas","alpha2":"bb","alpha3":"brb"},
{"id":56,"name":"Belgija","alpha2":"be","alpha3":"bel"},
{"id":84,"name":"Belizas","alpha2":"bz","alpha3":"blz"},
{"id":204,"name":"Beninas","alpha2":"bj","alpha3":"ben"},
{"id":60,"name":"Bermuda","alpha2":"bm","alpha3":"bmu"},
{"id":64,"name":"Butanas","alpha2":"bt","alpha3":"btn"},
{"id":68,"name":"Bolivija","alpha2":"bo","alpha3":"bol"},
{"id":535,"name":"Boneras, Sint Eustatijus ir Saba (BES salos)","alpha2":"bq","alpha3":"bes"},
{"id":70,"name":"Bosnija ir Hercegovina","alpha2":"ba","alpha3":"bih"},
{"id":72,"name":"Botsvana","alpha2":"bw","alpha3":"bwa"},
{"id":74,"name":"Buvė sala","alpha2":"bv","alpha3":"bvt"},
{"id":76,"name":"Brazilija","alpha2":"br","alpha3":"bra"},
{"id":96,"name":"Brunėjus","alpha2":"bn","alpha3":"brn"},
{"id":100,"name":"Bulgarija","alpha2":"bg","alpha3":"bgr"},
{"id":854,"name":"Burkina Faso","alpha2":"bf","alpha3":"bfa"},
{"id":108,"name":"Burundis","alpha2":"bi","alpha3":"bdi"},
{"id":140,"name":"Centrinės Afrikos Respublika","alpha2":"cf","alpha3":"caf"},
{"id":148,"name":"Čadas","alpha2":"td","alpha3":"tcd"},
{"id":152,"name":"Čilė","alpha2":"cl","alpha3":"chl"},
{"id":203,"name":"Čekija","alpha2":"cz","alpha3":"cze"},
{"id":208,"name":"Danija","alpha2":"dk","alpha3":"dnk"},
{"id":384,"name":"Dramblio Kaulo Krantas","alpha2":"ci","alpha3":"civ"},
{"id":212,"name":"Dominika","alpha2":"dm","alpha3":"dma"},
{"id":214,"name":"Dominikos Respublika","alpha2":"do","alpha3":"dom"},
{"id":262,"name":"Džibutis","alpha2":"dj","alpha3":"dji"},
{"id":818,"name":"Egiptas","alpha2":"eg","alpha3":"egy"},
{"id":218,"name":"Ekvadoras","alpha2":"ec","alpha3":"ecu"},
{"id":232,"name":"Eritrėja","alpha2":"er","alpha3":"eri"},
{"id":233,"name":"Estija","alpha2":"ee","alpha3":"est"},
{"id":231,"name":"Etiopija","alpha2":"et","alpha3":"eth"},
{"id":234,"name":"Farerų Salos","alpha2":"fo","alpha3":"fro"},
{"id":242,"name":"Fidžis","alpha2":"fj","alpha3":"fji"},
{"id":238,"name":"Folklando (Malvinų) Salos","alpha2":"fk","alpha3":"flk"},
{"id":266,"name":"Gabonas","alpha2":"ga","alpha3":"gab"},
{"id":270,"name":"Gambija","alpha2":"gm","alpha3":"gmb"},
{"id":288,"name":"Gana","alpha2":"gh","alpha3":"gha"},
{"id":292,"name":"Gibraltaras","alpha2":"gi","alpha3":"gib"},
{"id":300,"name":"Graikija","alpha2":"gr","alpha3":"grc"},
{"id":304,"name":"Grenlandija","alpha2":"gl","alpha3":"grl"},
{"id":308,"name":"Grenada","alpha2":"gd","alpha3":"grd"},
{"id":268,"name":"Gruzija","alpha2":"ge","alpha3":"geo"},
{"id":312,"name":"Gvadelupa","alpha2":"gp","alpha3":"glp"},
{"id":316,"name":"Guamas","alpha2":"gu","alpha3":"gum"},
{"id":320,"name":"Gvatemala","alpha2":"gt","alpha3":"gtm"},
{"id":831,"name":"Gernsis","alpha2":"gg","alpha3":"ggy"},
{"id":324,"name":"Gvinėja","alpha2":"gn","alpha3":"gin"},
{"id":624,"name":"Bisau Gvinėja","alpha2":"gw","alpha3":"gnb"},
{"id":328,"name":"Gajana","alpha2":"gy","alpha3":"guy"},
{"id":332,"name":"Haitis","alpha2":"ht","alpha3":"hti"},
{"id":334,"name":"Herdo ir Makdonaldo salos","alpha2":"hm","alpha3":"hmd"},
{"id":336,"name":"Vatikanas","alpha2":"va","alpha3":"vat"},
{"id":340,"name":"Hondūras","alpha2":"hn","alpha3":"hnd"},
{"id":344,"name":"Honkongas","alpha2":"hk","alpha3":"hkg"},
{"id":348,"name":"Vengrija","alpha2":"hu","alpha3":"hun"},
{"id":352,"name":"Islandija","alpha2":"is","alpha3":"isl"},
{"id":356,"name":"Indija","alpha2":"in","alpha3":"ind"},
{"id":86,"name":"Indijos Vandenyno Britų Sritis","alpha2":"io","alpha3":"iot"},
{"id":360,"name":"Indonezija","alpha2":"id","alpha3":"idn"},
{"id":364,"name":"Iranas","alpha2":"ir","alpha3":"irn"},
{"id":368,"name":"Irakas","alpha2":"iq","alpha3":"irq"},
{"id":372,"name":"Airija","alpha2":"ie","alpha3":"irl"},
{"id":833,"name":"Meno sala","alpha2":"im","alpha3":"imn"},
{"id":376,"name":"Izraelis","alpha2":"il","alpha3":"isr"},
{"id":380,"name":"Italija","alpha2":"it","alpha3":"ita"},
{"id":388,"name":"Jamaika","alpha2":"jm","alpha3":"jam"},
{"id":392,"name":"Japonija","alpha2":"jp","alpha3":"jpn"},
{"id":832,"name":"Džersis","alpha2":"je","alpha3":"jey"},
{"id":400,"name":"Jordanija","alpha2":"jo","alpha3":"jor"},
{"id":116,"name":"Kambodža","alpha2":"kh","alpha3":"khm"},
{"id":120,"name":"Kamerūnas","alpha2":"cm","alpha3":"cmr"},
{"id":124,"name":"Kanada","alpha2":"ca","alpha3":"can"},
{"id":136,"name":"Kaimanų salos","alpha2":"ky","alpha3":"cym"},
{"id":156,"name":"Kinija","alpha2":"cn","alpha3":"chn"},
{"id":162,"name":"Kalėdų sala","alpha2":"cx","alpha3":"cxr"},
{"id":166,"name":"Kokosų (Kilingo) Salos","alpha2":"cc","alpha3":"cck"},
{"id":170,"name":"Kolumbija","alpha2":"co","alpha3":"col"},
{"id":174,"name":"Komorai","alpha2":"km","alpha3":"com"},
{"id":178,"name":"Kongo Respublika","alpha2":"cg","alpha3":"cog"},
{"id":180,"name":"Kongo Demokratinė Respublika","alpha2":"cd","alpha3":"cod"},
{"id":184,"name":"Kuko Salos","alpha2":"ck","alpha3":"cok"},
{"id":188,"name":"Kosta Rika","alpha2":"cr","alpha3":"cri"},
{"id":191,"name":"Kroatija","alpha2":"hr","alpha3":"hrv"},
{"id":192,"name":"Kuba","alpha2":"cu","alpha3":"cub"},
{"id":531,"name":"Kiurasao","alpha2":"cw","alpha3":"cuw"},
{"id":196,"name":"Kipras","alpha2":"cy","alpha3":"cyp"},
{"id":398,"name":"Kazachstanas","alpha2":"kz","alpha3":"kaz"},
{"id":404,"name":"Kenija","alpha2":"ke","alpha3":"ken"},
{"id":296,"name":"Kiribatis","alpha2":"ki","alpha3":"kir"},
{"id":408,"name":"Šiaurės Korėja","alpha2":"kp","alpha3":"prk"},
{"id":410,"name":"Pietų Korėja","alpha2":"kr","alpha3":"kor"},
{"id":414,"name":"Kuveitas","alpha2":"kw","alpha3":"kwt"},
{"id":417,"name":"Kirgizija","alpha2":"kg","alpha3":"kgz"},
{"id":418,"name":"Laosas","alpha2":"la","alpha3":"lao"},
{"id":428,"name":"Latvija","alpha2":"lv","alpha3":"lva"},
{"id":422,"name":"Libanas","alpha2":"lb","alpha3":"lbn"},
{"id":426,"name":"Lesotas","alpha2":"ls","alpha3":"lso"},
{"id":430,"name":"Liberija","alpha2":"lr","alpha3":"lbr"},
{"id":434,"name":"Libija","alpha2":"ly","alpha3":"lby"},
{"id":438,"name":"Lichtenšteinas","alpha2":"li","alpha3":"lie"},
{"id":440,"name":"Lietuva","alpha2":"lt","alpha3":"ltu"},
{"id":442,"name":"Liuksemburgas","alpha2":"lu","alpha3":"lux"},
{"id":446,"name":"Makao","alpha2":"mo","alpha3":"mac"},
{"id":807,"name":"Makedonija","alpha2":"mk","alpha3":"mkd"},
{"id":450,"name":"Madagaskaras","alpha2":"mg","alpha3":"mdg"},
{"id":454,"name":"Malavis","alpha2":"mw","alpha3":"mwi"},
{"id":458,"name":"Malaizija","alpha2":"my","alpha3":"mys"},
{"id":462,"name":"Maldyvai","alpha2":"mv","alpha3":"mdv"},
{"id":466,"name":"Malis","alpha2":"ml","alpha3":"mli"},
{"id":470,"name":"Malta","alpha2":"mt","alpha3":"mlt"},
{"id":584,"name":"Maršalo salos","alpha2":"mh","alpha3":"mhl"},
{"id":474,"name":"Martinika","alpha2":"mq","alpha3":"mtq"},
{"id":478,"name":"Mauritanija","alpha2":"mr","alpha3":"mrt"},
{"id":480,"name":"Mauricijus","alpha2":"mu","alpha3":"mus"},
{"id":175,"name":"Majotas","alpha2":"yt","alpha3":"myt"},
{"id":484,"name":"Meksika","alpha2":"mx","alpha3":"mex"},
{"id":583,"name":"Mikronezija","alpha2":"fm","alpha3":"fsm"},
{"id":498,"name":"Moldavija","alpha2":"md","alpha3":"mda"},
{"id":492,"name":"Monakas","alpha2":"mc","alpha3":"mco"},
{"id":496,"name":"Mongolija","alpha2":"mn","alpha3":"mng"},
{"id":499,"name":"Juodkalnija","alpha2":"me","alpha3":"mne"},
{"id":500,"name":"Montseratas","alpha2":"ms","alpha3":"msr"},
{"id":504,"name":"Marokas","alpha2":"ma","alpha3":"mar"},
{"id":508,"name":"Mozambikas","alpha2":"mz","alpha3":"moz"},
{"id":104,"name":"Mianmaras","alpha2":"mm","alpha3":"mmr"},
{"id":516,"name":"Namibija","alpha2":"na","alpha3":"nam"},
{"id":520,"name":"Nauru","alpha2":"nr","alpha3":"nru"},
{"id":524,"name":"Nepalas","alpha2":"np","alpha3":"npl"},
{"id":528,"name":"Nyderlandai","alpha2":"nl","alpha3":"nld"},
{"id":540,"name":"Naujoji Kaledonija","alpha2":"nc","alpha3":"ncl"},
{"id":554,"name":"Naujoji Zelandija","alpha2":"nz","alpha3":"nzl"},
{"id":558,"name":"Nikaragva","alpha2":"ni","alpha3":"nic"},
{"id":562,"name":"Nigeris","alpha2":"ne","alpha3":"ner"},
{"id":566,"name":"Nigerija","alpha2":"ng","alpha3":"nga"},
{"id":570,"name":"Niujė","alpha2":"nu","alpha3":"niu"},
{"id":574,"name":"Norfolko sala","alpha2":"nf","alpha3":"nfk"},
{"id":580,"name":"Marianos Šiaurinės Salos","alpha2":"mp","alpha3":"mnp"},
{"id":578,"name":"Norvegija","alpha2":"no","alpha3":"nor"},
{"id":512,"name":"Omanas","alpha2":"om","alpha3":"omn"},
{"id":586,"name":"Pakistanas","alpha2":"pk","alpha3":"pak"},
{"id":585,"name":"Palau","alpha2":"pw","alpha3":"plw"},
{"id":275,"name":"Palestina","alpha2":"ps","alpha3":"pse"},
{"id":591,"name":"Panama","alpha2":"pa","alpha3":"pan"},
{"id":250,"name":"Prancūzija","alpha2":"fr","alpha3":"fra"},
{"id":254,"name":"Prancūzijos Gviana","alpha2":"gf","alpha3":"guf"},
{"id":258,"name":"Prancūzijos Polinezija","alpha2":"pf","alpha3":"pyf"},
{"id":260,"name":"Prancūzijos Pietų Sritys","alpha2":"tf","alpha3":"atf"},
{"id":598,"name":"Papua Naujoji Gvinėja","alpha2":"pg","alpha3":"png"},
{"id":600,"name":"Paragvajus","alpha2":"py","alpha3":"pry"},
{"id":226,"name":"Pusiaujo Gvinėja","alpha2":"gq","alpha3":"gnq"},
{"id":604,"name":"Peru","alpha2":"pe","alpha3":"per"},
{"id":608,"name":"Filipinai","alpha2":"ph","alpha3":"phl"},
{"id":612,"name":"Pitkernas","alpha2":"pn","alpha3":"pcn"},
{"id":616,"name":"Lenkija","alpha2":"pl","alpha3":"pol"},
{"id":620,"name":"Portugalija","alpha2":"pt","alpha3":"prt"},
{"id":630,"name":"Puerto Rikas","alpha2":"pr","alpha3":"pri"},
{"id":634,"name":"Kataras","alpha2":"qa","alpha3":"qat"},
{"id":638,"name":"Reunjonas","alpha2":"re","alpha3":"reu"},
{"id":642,"name":"Rumunija","alpha2":"ro","alpha3":"rou"},
{"id":643,"name":"Rusija","alpha2":"ru","alpha3":"rus"},
{"id":646,"name":"Ruanda","alpha2":"rw","alpha3":"rwa"},
{"id":222,"name":"Salvadoras","alpha2":"sv","alpha3":"slv"},
{"id":652,"name":"Šv. Bartolomėjaus sala","alpha2":"bl","alpha3":"blm"},
{"id":654,"name":"Šv. Elenos, Dangun Žengimo, Tristanas da Kunja salos","alpha2":"sh","alpha3":"shn"},
{"id":659,"name":"Sent Kitsas ir Nevis","alpha2":"kn","alpha3":"kna"},
{"id":662,"name":"Sent Lusija","alpha2":"lc","alpha3":"lca"},
{"id":663,"name":"San Martenas","alpha2":"mf","alpha3":"maf"},
{"id":666,"name":"Sen Pjeras ir Mikelonas","alpha2":"pm","alpha3":"spm"},
{"id":670,"name":"Sent Vinsentas ir Grenadinai","alpha2":"vc","alpha3":"vct"},
{"id":882,"name":"Samoa","alpha2":"ws","alpha3":"wsm"},
{"id":674,"name":"San Marinas","alpha2":"sm","alpha3":"smr"},
{"id":678,"name":"San Tomė ir Prinsipė","alpha2":"st","alpha3":"stp"},
{"id":682,"name":"Saudo Arabija","alpha2":"sa","alpha3":"sau"},
{"id":686,"name":"Senegalas","alpha2":"sn","alpha3":"sen"},
{"id":688,"name":"Serbija","alpha2":"rs","alpha3":"srb"},
{"id":690,"name":"Seišeliai","alpha2":"sc","alpha3":"syc"},
{"id":694,"name":"Siera Leonė","alpha2":"sl","alpha3":"sle"},
{"id":702,"name":"Singapūras","alpha2":"sg","alpha3":"sgp"},
{"id":534,"name":"Sint Martenas","alpha2":"sx","alpha3":"sxm"},
{"id":246,"name":"Suomija","alpha2":"fi","alpha3":"fin"},
{"id":703,"name":"Slovakija","alpha2":"sk","alpha3":"svk"},
{"id":705,"name":"Slovėnija","alpha2":"si","alpha3":"svn"},
{"id":90,"name":"Saliamono Salos","alpha2":"sb","alpha3":"slb"},
{"id":706,"name":"Somalis","alpha2":"so","alpha3":"som"},
{"id":710,"name":"PAR","alpha2":"za","alpha3":"zaf"},
{"id":239,"name":"Pietų Džordžijos ir Pietų Sandvičo Salos","alpha2":"gs","alpha3":"sgs"},
{"id":728,"name":"Pietų Sudanas","alpha2":"ss","alpha3":"ssd"},
{"id":724,"name":"Ispanija","alpha2":"es","alpha3":"esp"},
{"id":144,"name":"Šri Lanka","alpha2":"lk","alpha3":"lka"},
{"id":729,"name":"Sudanas","alpha2":"sd","alpha3":"sdn"},
{"id":740,"name":"Surinamas","alpha2":"sr","alpha3":"sur"},
{"id":744,"name":"Svalbardo ir Jan Majeno salos","alpha2":"sj","alpha3":"sjm"},
{"id":748,"name":"Svazilendas","alpha2":"sz","alpha3":"swz"},
{"id":752,"name":"Švedija","alpha2":"se","alpha3":"swe"},
{"id":756,"name":"Šveicarija","alpha2":"ch","alpha3":"che"},
{"id":760,"name":"Sirija","alpha2":"sy","alpha3":"syr"},
{"id":158,"name":"Taivanas","alpha2":"tw","alpha3":"twn"},
{"id":762,"name":"Tadžikija","alpha2":"tj","alpha3":"tjk"},
{"id":834,"name":"Tanzanija","alpha2":"tz","alpha3":"tza"},
{"id":764,"name":"Tailandas","alpha2":"th","alpha3":"tha"},
{"id":626,"name":"Rytų Timoras","alpha2":"tl","alpha3":"tls"},
{"id":768,"name":"Togas","alpha2":"tg","alpha3":"tgo"},
{"id":772,"name":"Tokelau","alpha2":"tk","alpha3":"tkl"},
{"id":776,"name":"Tonga","alpha2":"to","alpha3":"ton"},
{"id":780,"name":"Trinidadas ir Tobagas","alpha2":"tt","alpha3":"tto"},
{"id":788,"name":"Tunisas","alpha2":"tn","alpha3":"tun"},
{"id":792,"name":"Turkija","alpha2":"tr","alpha3":"tur"},
{"id":795,"name":"Turkmėnija","alpha2":"tm","alpha3":"tkm"},
{"id":796,"name":"Terksas ir Kaikosas","alpha2":"tc","alpha3":"tca"},
{"id":798,"name":"Tuvalu","alpha2":"tv","alpha3":"tuv"},
{"id":800,"name":"Uganda","alpha2":"ug","alpha3":"uga"},
{"id":804,"name":"Ukraina","alpha2":"ua","alpha3":"ukr"},
{"id":784,"name":"Jungtiniai Arabų Emyratai","alpha2":"ae","alpha3":"are"},
{"id":826,"name":"Jungtinė Karalystė","alpha2":"gb","alpha3":"gbr"},
{"id":840,"name":"Jungtinės Valstijos","alpha2":"us","alpha3":"usa"},
{"id":581,"name":"JAV užjūrio mažosios salos","alpha2":"um","alpha3":"umi"},
{"id":858,"name":"Urugvajus","alpha2":"uy","alpha3":"ury"},
{"id":860,"name":"Uzbekistanas","alpha2":"uz","alpha3":"uzb"},
{"id":548,"name":"Vanuatu","alpha2":"vu","alpha3":"vut"},
{"id":862,"name":"Venesuela","alpha2":"ve","alpha3":"ven"},
{"id":276,"name":"Vokietija","alpha2":"de","alpha3":"deu"},
{"id":704,"name":"Vietnamas","alpha2":"vn","alpha3":"vnm"},
{"id":92,"name":"Mergelių Salos (Didžioji Britanija)","alpha2":"vg","alpha3":"vgb"},
{"id":850,"name":"Mergelių Salos (JAV)","alpha2":"vi","alpha3":"vir"},
{"id":876,"name":"Volisas ir Futūna","alpha2":"wf","alpha3":"wlf"},
{"id":732,"name":"Vakarų Sahara","alpha2":"eh","alpha3":"esh"},
{"id":887,"name":"Jemenas","alpha2":"ye","alpha3":"yem"},
{"id":894,"name":"Zambija","alpha2":"zm","alpha3":"zmb"},
{"id":716,"name":"Zimbabvė","alpha2":"zw","alpha3":"zwe"},
{"id":132,"name":"Žaliasis Kyšulys","alpha2":"cv","alpha3":"cpv"}]